id,type,name,distance,moving_time,elapsed_time,total_elevation_gain,start_date,start_date_local,start_latlng,kilojoules,average_heartrate,max_heartrate,elev_high,elev_low,average_speed,max_speed,location_city,location_state,location_country,timezone
18434464855,WeightTraining,Morning Weight Training,0.0,3394,3394,0.0,2026-05-09 07:24:23+00:00,2026-05-09T08:24:23Z,[],,124.9,173.0,0.0,0.0,0.0,0.0,,,,(GMT+01:00) Africa/Algiers
18426554683,Workout,Afternoon Workout,0.0,2401,2401,0.0,2026-05-08 14:31:04+00:00,2026-05-08T15:31:04Z,[],,133.5,148.0,0.0,0.0,0.0,0.0,,,,(GMT+01:00) Africa/Algiers
18408045200,WeightTraining,Morning Weight Training,0.0,3036,3036,0.0,2026-05-07 04:56:22+00:00,2026-05-07T05:56:22Z,[],,142.6,176.0,0.0,0.0,0.0,0.0,,,,(GMT+01:00) Africa/Algiers
18352396098,Hike,Morning Hike,16000.1,13050,15346,1170.0,2026-05-02 19:02:30+00:00,2026-05-03T07:02:30Z,"[-44.463622, 169.24554]",,,,1392.1,371.7,1.226,3.68,,,,(GMT+12:00) Pacific/Auckland
18327019609,Hike,Afternoon Hike,5216.6,3654,4110,248.8,2026-05-01 02:54:12+00:00,2026-05-01T14:54:12Z,"[-44.694824, 169.156209]",,,,546.7,317.0,1.428,11.22,,,,(GMT+12:00) Pacific/Auckland
18314447341,Hike,Afternoon Hike,4663.0,3854,4291,307.1,2026-04-30 02:21:24+00:00,2026-04-30T14:21:24Z,"[-43.995747, 170.46137]",,,,1030.1,718.7,1.21,2.64,,,,(GMT+12:00) Pacific/Auckland
18285567859,Walk,Lunch Walk,1128.3,846,903,31.5,2026-04-27 23:39:42+00:00,2026-04-28T11:39:42Z,"[-44.717981, 169.161059]",,150.0,186.0,352.8,321.5,1.334,1.828,,,,(GMT+12:00) Pacific/Auckland
18285422135,Run,Morning Run,9009.5,3319,3557,113.2,2026-04-27 22:40:26+00:00,2026-04-28T10:40:26Z,"[-44.722638, 169.172887]",766.1,180.7,196.0,398.0,320.4,2.715,5.5,,,,(GMT+12:00) Pacific/Auckland
18233872390,Hike,Afternoon Hike,1004.1,1009,1258,44.0,2026-04-24 01:55:40+00:00,2026-04-24T13:55:40Z,"[-43.809785, 173.033126]",,,,501.9,455.3,0.995,1.987,,,,(GMT+12:00) Pacific/Auckland
18189508567,Hike,Morning Hike,4638.6,3713,4265,244.2,2026-04-20 20:01:40+00:00,2026-04-21T08:01:40Z,"[-44.693389, 169.155398]",,,,546.7,319.8,1.249,2.3,,,,(GMT+12:00) Pacific/Auckland
18178997493,Hike,Lunch Hike,2306.5,1824,2446,114.9,2026-04-20 00:21:25+00:00,2026-04-20T12:21:25Z,"[-44.107334, 169.354638]",,,,693.6,548.4,1.265,15.16,,,,(GMT+12:00) Pacific/Auckland
18178715876,Hike,Lunch Hike,3654.4,2587,2660,60.1,2026-04-19 23:23:27+00:00,2026-04-20T11:23:27Z,"[-44.160285, 169.286432]",,,,359.6,318.4,1.413,2.78,,,,(GMT+12:00) Pacific/Auckland
18141259571,WeightTraining,Morning Weight Training,0.0,2920,2920,0.0,2026-04-17 06:00:00+00:00,2026-04-17T07:00:00Z,[],,129.2,167.0,0.0,0.0,0.0,0.0,,,,(GMT+01:00) Africa/Algiers
18100885723,WeightTraining,Morning Weight Training,0.0,3385,3385,0.0,2026-04-14 06:40:10+00:00,2026-04-14T07:40:10Z,[],,147.5,186.0,0.0,0.0,0.0,0.0,,,,(GMT+01:00) Africa/Algiers
18087748127,WeightTraining,Morning Weight Training,0.0,3483,3483,0.0,2026-04-13 05:50:52+00:00,2026-04-13T06:50:52Z,[],,120.9,159.0,0.0,0.0,0.0,0.0,,,,(GMT+01:00) Africa/Algiers
18087748071,Workout,Morning Workout,0.0,3291,3291,0.0,2026-04-12 09:33:35+00:00,2026-04-12T10:33:35Z,[],,137.5,171.0,0.0,0.0,0.0,0.0,,,,(GMT+01:00) Africa/Algiers
18062210666,WeightTraining,Morning Weight Training,0.0,3180,3180,0.0,2026-04-11 07:25:59+00:00,2026-04-11T08:25:59Z,[],,122.3,166.0,0.0,0.0,0.0,0.0,,,,(GMT+01:00) Africa/Algiers
18055889846,Workout,Afternoon Workout,0.0,3090,3090,0.0,2026-04-10 16:00:29+00:00,2026-04-10T17:00:29Z,[],,134.9,160.0,0.0,0.0,0.0,0.0,,,,(GMT+01:00) Africa/Algiers
18055900301,WeightTraining,Morning Weight Training,0.0,2723,2723,0.0,2026-04-09 05:00:25+00:00,2026-04-09T06:00:25Z,[],,132.1,174.0,0.0,0.0,0.0,0.0,,,,(GMT+01:00) Africa/Algiers
18009203825,WeightTraining,Morning Weight Training,0.0,3259,3259,0.0,2026-04-07 06:37:34+00:00,2026-04-07T07:37:34Z,[],,135.9,176.0,0.0,0.0,0.0,0.0,,,,(GMT+01:00) Africa/Algiers
17984151742,Hike,Morning Hike,6397.4,4991,5328,216.9,2026-04-05 07:32:55+00:00,2026-04-05T09:32:55Z,"[46.394359, 14.086016]",,,,643.7,509.9,1.282,4.82,,,,(GMT+01:00) Europe/Ljubljana
17973118439,Hike,Morning Hike,11340.0,8377,8774,76.5,2026-04-04 08:42:48+00:00,2026-04-04T10:42:48Z,"[46.282253, 13.882827]",,,,542.7,527.5,1.354,2.98,,,,(GMT+01:00) Europe/Ljubljana
17946427813,WeightTraining,Morning Weight Training,0.0,2666,2666,0.0,2026-04-02 06:29:04+00:00,2026-04-02T07:29:04Z,[],,124.2,160.0,0.0,0.0,0.0,0.0,,,,(GMT+01:00) Africa/Algiers
17934095770,WeightTraining,Morning Weight Training,0.0,2778,2778,0.0,2026-04-01 06:13:17+00:00,2026-04-01T07:13:17Z,[],,128.7,164.0,0.0,0.0,0.0,0.0,,,,(GMT+01:00) Africa/Algiers
17913977167,WeightTraining,Afternoon Weight Training,0.0,3735,3735,0.0,2026-03-30 15:16:54+00:00,2026-03-30T16:16:54Z,[],,125.8,162.0,0.0,0.0,0.0,0.0,,,,(GMT+01:00) Africa/Algiers
17900348324,Run,Lunch Run,6010.4,2195,2215,27.0,2026-03-29 11:36:18+00:00,2026-03-29T12:36:18Z,"[51.675655, -0.607507]",523.2,165.5,184.0,160.8,128.8,2.738,4.26,,,,(GMT+00:00) Europe/London
17861858520,WeightTraining,Morning Weight Training,0.0,2984,2984,0.0,2026-03-26 05:57:51+00:00,2026-03-26T05:57:51Z,[],,138.3,189.0,0.0,0.0,0.0,0.0,,,,(GMT+00:00) Africa/Abidjan
17837211915,WeightTraining,Morning Weight Training,0.0,3372,3372,0.0,2026-03-24 07:35:23+00:00,2026-03-24T07:35:23Z,[],,146.2,191.0,0.0,0.0,0.0,0.0,,,,(GMT+00:00) Africa/Abidjan
17824510124,WeightTraining,Morning Weight Training,0.0,3469,3469,0.0,2026-03-23 06:50:52+00:00,2026-03-23T06:50:52Z,[],,121.0,163.0,0.0,0.0,0.0,0.0,,,,(GMT+00:00) Africa/Abidjan
17816696325,Run,Lunch Run,10066.1,5143,5323,163.4,2026-03-22 12:36:45+00:00,2026-03-22T12:36:45Z,"[51.674033, -0.60897]",918.8,149.0,183.0,156.2,79.4,1.957,3.82,,,,(GMT+00:00) Europe/London
17799989923,WeightTraining,Morning Weight Training,0.0,3609,3609,0.0,2026-03-21 08:55:44+00:00,2026-03-21T08:55:44Z,[],,131.2,165.0,0.0,0.0,0.0,0.0,,,,(GMT+00:00) Africa/Abidjan
17775352189,WeightTraining,Morning Weight Training,0.0,2964,2964,0.0,2026-03-19 05:58:59+00:00,2026-03-19T05:58:59Z,[],,118.6,155.0,0.0,0.0,0.0,0.0,,,,(GMT+00:00) Africa/Abidjan
17750940644,WeightTraining,Morning Weight Training,0.0,3330,3330,0.0,2026-03-17 07:36:49+00:00,2026-03-17T07:36:49Z,[],,138.4,191.0,0.0,0.0,0.0,0.0,,,,(GMT+00:00) Africa/Abidjan
17739197456,WeightTraining,Morning Weight Training,0.0,3321,3321,0.0,2026-03-16 06:54:44+00:00,2026-03-16T06:54:44Z,[],,121.8,163.0,0.0,0.0,0.0,0.0,,,,(GMT+00:00) Africa/Abidjan
17719520628,Hike,Lunch Hike,11501.0,8579,8655,189.4,2026-03-14 11:25:43+00:00,2026-03-14T11:25:43Z,"[51.675838, -0.607522]",,,,153.8,77.8,1.341,5.2,,,,(GMT+00:00) Europe/London
17716144545,WeightTraining,Morning Weight Training,0.0,3730,3730,0.0,2026-03-14 08:32:44+00:00,2026-03-14T08:32:44Z,[],,129.4,166.0,0.0,0.0,0.0,0.0,,,,(GMT+00:00) Africa/Abidjan
17693383874,WeightTraining,Morning Weight Training,0.0,2903,2903,0.0,2026-03-12 05:59:51+00:00,2026-03-12T05:59:51Z,[],,120.0,159.0,0.0,0.0,0.0,0.0,,,,(GMT+00:00) Africa/Abidjan
17669298608,WeightTraining,Morning Weight Training,0.0,3225,3225,0.0,2026-03-10 07:38:02+00:00,2026-03-10T07:38:02Z,[],,129.3,180.0,0.0,0.0,0.0,0.0,,,,(GMT+00:00) Africa/Abidjan
17656757799,WeightTraining,Morning Weight Training,0.0,3162,3162,0.0,2026-03-09 06:56:54+00:00,2026-03-09T06:56:54Z,[],,121.7,159.0,0.0,0.0,0.0,0.0,,,,(GMT+00:00) Africa/Abidjan
17645001725,Run,Morning Run,10019.8,3848,3927,44.6,2026-03-08 08:52:09+00:00,2026-03-08T08:52:09Z,"[51.675767, -0.607521]",851.4,160.1,177.0,172.2,148.0,2.604,3.7,,,,(GMT+00:00) Europe/London
17633252247,WeightTraining,Morning Weight Training,0.0,3503,3503,0.0,2026-03-07 08:59:09+00:00,2026-03-07T08:59:09Z,[],,130.8,178.0,0.0,0.0,0.0,0.0,,,,(GMT+00:00) Africa/Abidjan
17609525508,WeightTraining,Morning Weight Training,0.0,2844,2844,0.0,2026-03-05 05:58:35+00:00,2026-03-05T05:58:35Z,[],,130.2,166.0,0.0,0.0,0.0,0.0,,,,(GMT+00:00) Africa/Abidjan
17584889765,WeightTraining,Morning Weight Training,0.0,2822,2822,0.0,2026-03-03 07:44:15+00:00,2026-03-03T07:44:15Z,[],,130.1,173.0,0.0,0.0,0.0,0.0,,,,(GMT+00:00) Africa/Abidjan
17572821529,WeightTraining,Morning Weight Training,0.0,2934,2934,0.0,2026-03-02 06:57:01+00:00,2026-03-02T06:57:01Z,[],,116.9,161.0,0.0,0.0,0.0,0.0,,,,(GMT+00:00) Africa/Abidjan
17549495878,WeightTraining,Morning Weight Training,0.0,3399,3399,0.0,2026-02-28 08:31:24+00:00,2026-02-28T08:31:24Z,[],,124.4,157.0,0.0,0.0,0.0,0.0,,,,(GMT+00:00) Africa/Abidjan
17526639973,WeightTraining,Morning Weight Training,0.0,3404,3404,0.0,2026-02-26 05:58:40+00:00,2026-02-26T05:58:40Z,[],,119.1,165.0,0.0,0.0,0.0,0.0,,,,(GMT+00:00) Africa/Abidjan
17520429569,Run,Afternoon Run,5013.6,1664,1668,26.0,2026-02-25 16:45:03+00:00,2026-02-25T16:45:03Z,"[51.676109, -0.607537]",424.7,171.6,183.0,170.8,155.8,3.013,3.84,,,,(GMT+00:00) Europe/London
17502708796,WeightTraining,Morning Weight Training,0.0,2631,2631,0.0,2026-02-24 07:46:36+00:00,2026-02-24T07:46:36Z,[],,136.1,171.0,0.0,0.0,0.0,0.0,,,,(GMT+00:00) Africa/Abidjan
17492184773,WeightTraining,Morning Weight Training,0.0,2841,2841,0.0,2026-02-23 07:01:17+00:00,2026-02-23T07:01:17Z,[],,121.3,161.0,0.0,0.0,0.0,0.0,,,,(GMT+00:00) Africa/Abidjan
17469418506,WeightTraining,Morning Weight Training,0.0,3161,3161,0.0,2026-02-21 09:15:15+00:00,2026-02-21T09:15:15Z,[],,126.6,177.0,0.0,0.0,0.0,0.0,,,,(GMT+00:00) Africa/Abidjan
17447020368,WeightTraining,Morning Weight Training,0.0,2934,2934,0.0,2026-02-19 06:01:23+00:00,2026-02-19T06:01:23Z,[],,115.4,153.0,0.0,0.0,0.0,0.0,,,,(GMT+00:00) Africa/Abidjan
17427607560,Workout,Morning Pickleball,0.0,3064,3064,0.0,2026-02-17 12:53:54+00:00,2026-02-17T08:53:54Z,[],,142.7,167.0,0.0,0.0,0.0,0.0,,,,(GMT-04:00) America/Anguilla
17426654583,WeightTraining,Morning Weight Training,0.0,2801,2801,0.0,2026-02-17 11:35:20+00:00,2026-02-17T07:35:20Z,[],,113.8,160.0,0.0,0.0,0.0,0.0,,,,(GMT-04:00) America/Anguilla
17420873572,Workout,Afternoon Pickleball,0.0,3654,3654,0.0,2026-02-16 20:28:35+00:00,2026-02-16T16:28:35Z,[],,157.1,181.0,0.0,0.0,0.0,0.0,,,,(GMT-04:00) America/Anguilla
17406150040,Workout,Morning Pickleball,0.0,4674,4674,0.0,2026-02-15 12:33:25+00:00,2026-02-15T08:33:25Z,[],,155.4,187.0,0.0,0.0,0.0,0.0,,,,(GMT-04:00) America/Anguilla
17405108015,WeightTraining,Morning Weight Training,0.0,2853,2853,0.0,2026-02-15 11:28:53+00:00,2026-02-15T07:28:53Z,[],,117.6,139.0,0.0,0.0,0.0,0.0,,,,(GMT-04:00) America/Anguilla
17377479043,Workout,Afternoon Pickleball,0.0,4778,4778,0.0,2026-02-12 18:48:51+00:00,2026-02-12T14:48:51Z,[],,138.2,180.0,0.0,0.0,0.0,0.0,,,,(GMT-04:00) America/Anguilla
17373124913,WeightTraining,Morning Weight Training,0.0,2912,2912,0.0,2026-02-12 12:08:04+00:00,2026-02-12T08:08:04Z,[],,127.5,160.0,0.0,0.0,0.0,0.0,,,,(GMT-04:00) America/Anguilla
17365255531,Workout,Lunch Pickleball,0.0,4153,4153,0.0,2026-02-11 16:50:05+00:00,2026-02-11T12:50:05Z,[],,139.6,168.0,0.0,0.0,0.0,0.0,,,,(GMT-04:00) America/Anguilla
17362489140,WeightTraining,Morning Weight Training,0.0,3081,3081,0.0,2026-02-11 12:52:19+00:00,2026-02-11T08:52:19Z,[],,130.5,166.0,0.0,0.0,0.0,0.0,,,,(GMT-04:00) America/Anguilla
17344294417,Workout,Afternoon Pickleball,0.0,4422,4422,0.0,2026-02-09 20:54:16+00:00,2026-02-09T16:54:16Z,[],,154.1,185.0,0.0,0.0,0.0,0.0,,,,(GMT-04:00) America/Anguilla
17338700122,WeightTraining,Morning Weight Training,0.0,2863,2863,0.0,2026-02-09 11:58:53+00:00,2026-02-09T07:58:53Z,[],,132.4,168.0,0.0,0.0,0.0,0.0,,,,(GMT-04:00) America/Anguilla
17329388357,Workout,Morning Pickleball,0.0,4399,4399,0.0,2026-02-08 12:51:19+00:00,2026-02-08T08:51:19Z,[],,168.5,190.0,0.0,0.0,0.0,0.0,,,,(GMT-04:00) America/Anguilla
17308339698,WeightTraining,Afternoon Weight Training,0.0,3063,3063,0.0,2026-02-06 16:56:51+00:00,2026-02-06T16:56:51Z,[],,128.0,159.0,0.0,0.0,0.0,0.0,,,,(GMT+00:00) Africa/Abidjan
17292005443,WeightTraining,Morning Weight Training,0.0,2648,2648,0.0,2026-02-05 06:00:33+00:00,2026-02-05T06:00:33Z,[],,121.0,156.0,0.0,0.0,0.0,0.0,,,,(GMT+00:00) Africa/Abidjan
17213456335,WeightTraining,Morning Weight Training,0.0,2578,2578,0.0,2026-01-29 06:01:14+00:00,2026-01-29T06:01:14Z,[],,138.7,171.0,0.0,0.0,0.0,0.0,,,,(GMT+00:00) Africa/Abidjan
17190975765,WeightTraining,Morning Weight Training,0.0,3196,3196,0.0,2026-01-27 07:40:29+00:00,2026-01-27T07:40:29Z,[],,127.0,162.0,0.0,0.0,0.0,0.0,,,,(GMT+00:00) Africa/Abidjan
17179680363,WeightTraining,Morning Weight Training,0.0,3278,3278,0.0,2026-01-26 06:53:13+00:00,2026-01-26T06:53:13Z,[],,111.8,157.0,0.0,0.0,0.0,0.0,,,,(GMT+00:00) Africa/Abidjan
17171351108,Run,Morning Run,13023.6,4846,4992,68.0,2026-01-25 10:40:29+00:00,2026-01-25T10:40:29Z,"[51.511497, -0.104038]",1122.8,162.5,173.0,28.6,3.6,2.687,4.52,,,,(GMT+00:00) Europe/London
17158520255,WeightTraining,Morning Weight Training,0.0,3167,3167,0.0,2026-01-24 09:42:05+00:00,2026-01-24T09:42:05Z,[],,120.2,169.0,0.0,0.0,0.0,0.0,,,,(GMT+00:00) Africa/Abidjan
17152465149,Workout,Afternoon Squash,0.0,4184,4184,0.0,2026-01-23 17:22:47+00:00,2026-01-23T17:22:47Z,[],,144.2,177.0,0.0,0.0,0.0,0.0,,,,(GMT+00:00) Africa/Abidjan
17135475251,WeightTraining,Morning Weight Training,0.0,2721,2721,0.0,2026-01-22 06:01:38+00:00,2026-01-22T06:01:38Z,[],,132.5,156.0,0.0,0.0,0.0,0.0,,,,(GMT+00:00) Africa/Abidjan
17119673208,Workout,Evening Squash,0.0,3809,3809,0.0,2026-01-20 18:58:10+00:00,2026-01-20T18:58:10Z,[],,141.5,169.0,0.0,0.0,0.0,0.0,,,,(GMT+00:00) Africa/Abidjan
17112508868,WeightTraining,Morning Weight Training,0.0,3222,3222,0.0,2026-01-20 07:39:47+00:00,2026-01-20T07:39:47Z,[],,119.4,158.0,0.0,0.0,0.0,0.0,,,,(GMT+00:00) Africa/Abidjan
17100671764,WeightTraining,Morning Weight Training,0.0,3204,3204,0.0,2026-01-19 06:55:49+00:00,2026-01-19T06:55:49Z,[],,123.2,163.0,0.0,0.0,0.0,0.0,,,,(GMT+00:00) Africa/Abidjan
17091224939,Run,Morning Run,14782.7,6150,6530,56.6,2026-01-18 09:38:58+00:00,2026-01-18T09:38:58Z,"[51.511788, -0.158761]",1258.6,159.6,168.0,32.6,1.6,2.404,4.133,,,,(GMT+00:00) Europe/London
17081070133,Workout,Lunch Squash,0.0,4301,4301,0.0,2026-01-17 12:22:47+00:00,2026-01-17T12:22:47Z,[],,150.9,178.0,0.0,0.0,0.0,0.0,,,,(GMT+00:00) Africa/Abidjan
17079665747,WeightTraining,Morning Weight Training,0.0,4038,4038,0.0,2026-01-17 10:37:30+00:00,2026-01-17T10:37:30Z,[],,131.9,173.0,0.0,0.0,0.0,0.0,,,,(GMT+00:00) Africa/Abidjan
17055161983,WeightTraining,Morning Weight Training,0.0,3416,3416,0.0,2026-01-15 05:59:34+00:00,2026-01-15T05:59:34Z,[],,131.2,166.0,0.0,0.0,0.0,0.0,,,,(GMT+00:00) Africa/Abidjan
17031644916,WeightTraining,Morning Weight Training,0.0,3083,3083,0.0,2026-01-13 07:41:59+00:00,2026-01-13T07:41:59Z,[],,136.0,174.0,0.0,0.0,0.0,0.0,,,,(GMT+00:00) Africa/Abidjan
17019814539,WeightTraining,Morning Weight Training,0.0,3134,3134,0.0,2026-01-12 06:55:22+00:00,2026-01-12T06:55:22Z,[],,121.6,162.0,0.0,0.0,0.0,0.0,,,,(GMT+00:00) Africa/Abidjan
16997881016,WeightTraining,Morning Weight Training,0.0,3299,3299,0.0,2026-01-10 09:07:26+00:00,2026-01-10T09:07:26Z,[],,132.8,170.0,0.0,0.0,0.0,0.0,,,,(GMT+00:00) Africa/Abidjan
16975924022,WeightTraining,Morning Weight Training,0.0,2820,2820,0.0,2026-01-08 06:00:22+00:00,2026-01-08T06:00:22Z,[],,131.1,158.0,0.0,0.0,0.0,0.0,,,,(GMT+00:00) Africa/Abidjan
16959070983,Run,Afternoon Run,6132.6,2714,2806,46.6,2026-01-06 17:07:22+00:00,2026-01-06T17:07:22Z,"[51.676109, -0.607588]",515.8,144.0,167.0,169.8,140.8,2.26,4.82,,,,(GMT+00:00) Europe/London
16953311780,WeightTraining,Morning Weight Training,0.0,3077,3077,0.0,2026-01-06 07:42:30+00:00,2026-01-06T07:42:30Z,[],,128.8,175.0,0.0,0.0,0.0,0.0,,,,(GMT+00:00) Africa/Abidjan
16942093167,WeightTraining,Morning Weight Training,0.0,3290,3290,0.0,2026-01-05 06:56:13+00:00,2026-01-05T06:56:13Z,[],,124.1,167.0,0.0,0.0,0.0,0.0,,,,(GMT+00:00) Africa/Abidjan
16921061789,WeightTraining,Morning Weight Training,0.0,3347,3347,0.0,2026-01-03 09:15:44+00:00,2026-01-03T09:15:44Z,[],,115.7,164.0,0.0,0.0,0.0,0.0,,,,(GMT+00:00) Africa/Abidjan
16914285600,WeightTraining,Afternoon Weight Training,0.0,3070,3070,0.0,2026-01-02 15:39:07+00:00,2026-01-02T15:39:07Z,[],,129.5,167.0,0.0,0.0,0.0,0.0,,,,(GMT+00:00) Africa/Abidjan
16903750677,Workout,Afternoon Workout,0.0,3017,3017,0.0,2026-01-01 14:16:27+00:00,2026-01-01T14:16:27Z,[],,146.4,162.0,0.0,0.0,0.0,0.0,,,,(GMT+00:00) Africa/Abidjan
16817518180,WeightTraining,Morning Weight Training,0.0,3391,3391,0.0,2025-12-23 07:37:57+00:00,2025-12-23T07:37:57Z,[],,129.8,165.0,0.0,0.0,0.0,0.0,,,,(GMT+00:00) Africa/Abidjan
16808420087,WeightTraining,Morning Weight Training,0.0,3217,3217,0.0,2025-12-22 06:54:35+00:00,2025-12-22T06:54:35Z,[],,117.2,159.0,0.0,0.0,0.0,0.0,,,,(GMT+00:00) Africa/Abidjan
16800207668,Run,Morning Run,7307.6,3156,3186,84.6,2025-12-21 09:09:56+00:00,2025-12-21T09:09:56Z,"[51.675703, -0.607552]",626.6,151.3,168.0,171.6,99.0,2.315,3.96,,,,(GMT+00:00) Europe/London
16791336038,WeightTraining,Morning Weight Training,0.0,3842,3842,0.0,2025-12-20 09:08:29+00:00,2025-12-20T09:08:29Z,[],,118.4,178.0,0.0,0.0,0.0,0.0,,,,(GMT+00:00) Africa/Abidjan
16786189008,Run,Afternoon Run,6780.5,3012,3112,43.6,2025-12-19 15:55:05+00:00,2025-12-19T15:55:05Z,"[51.675693, -0.607453]",572.3,153.0,166.0,169.6,150.8,2.251,5.297,,,,(GMT+00:00) Europe/London
16773778010,WeightTraining,Morning Weight Training,0.0,3565,3565,0.0,2025-12-18 06:00:15+00:00,2025-12-18T06:00:15Z,[],,121.3,162.0,0.0,0.0,0.0,0.0,,,,(GMT+00:00) Africa/Abidjan
16758859374,WeightTraining,Morning Weight Training,0.0,2969,2969,0.0,2025-12-16 07:42:17+00:00,2025-12-16T07:42:17Z,[],,119.9,168.0,0.0,0.0,0.0,0.0,,,,(GMT+00:00) Africa/Abidjan
16746414257,WeightTraining,Morning Weight Training,0.0,3043,3043,0.0,2025-12-15 06:55:38+00:00,2025-12-15T06:55:38Z,[],,111.5,150.0,0.0,0.0,0.0,0.0,,,,(GMT+00:00) Africa/Abidjan
16737937467,Run,Morning Run,8109.4,3040,3049,30.8,2025-12-14 08:48:27+00:00,2025-12-14T08:48:27Z,"[51.675685, -0.607608]",686.6,166.1,176.0,170.8,150.6,2.668,3.82,,,,(GMT+00:00) Europe/London
16728928378,WeightTraining,Morning Weight Training,0.0,3763,3763,0.0,2025-12-13 09:08:45+00:00,2025-12-13T09:08:45Z,[],,121.8,160.0,0.0,0.0,0.0,0.0,,,,(GMT+00:00) Africa/Abidjan
16710274953,WeightTraining,Morning Weight Training,0.0,2904,2904,0.0,2025-12-11 05:58:59+00:00,2025-12-11T05:58:59Z,[],,120.1,152.0,0.0,0.0,0.0,0.0,,,,(GMT+00:00) Africa/Abidjan
16691487081,WeightTraining,Morning Weight Training,0.0,2981,2981,0.0,2025-12-09 07:42:47+00:00,2025-12-09T07:42:47Z,[],,126.5,165.0,0.0,0.0,0.0,0.0,,,,(GMT+00:00) Africa/Abidjan
16687106565,WeightTraining,Morning Weight Training,0.0,3380,3380,0.0,2025-12-08 06:49:48+00:00,2025-12-08T06:49:48Z,[],,111.3,159.0,0.0,0.0,0.0,0.0,,,,(GMT+00:00) Africa/Abidjan
16666121923,Hike,Afternoon Hike,4223.8,3975,4917,147.9,2025-12-06 12:35:36+00:00,2025-12-06T13:35:36Z,"[46.6603, 8.0533]",,,,2273.2,2158.9,1.063,7.273,,,,(GMT+01:00) Europe/Zurich
16663720445,Walk,Quick wander on Jungfraujoch,1410.1,1096,2865,66.8,2025-12-06 09:12:23+00:00,2025-12-06T10:12:23Z,"[46.547199, 7.982273]",,,,3489.4,3432.8,1.287,5.88,,,,(GMT+01:00) Europe/Zurich
16645307641,WeightTraining,Morning Weight Training,0.0,2781,2781,0.0,2025-12-04 06:01:34+00:00,2025-12-04T06:01:34Z,[],,108.1,147.0,0.0,0.0,0.0,0.0,,,,(GMT+00:00) Africa/Abidjan
16620093829,WeightTraining,Morning Weight Training,0.0,3658,3658,0.0,2025-12-01 06:57:01+00:00,2025-12-01T06:57:01Z,[],,129.2,162.0,0.0,0.0,0.0,0.0,,,,(GMT+00:00) Africa/Abidjan
16608177902,Run,Morning Run,5012.5,1662,1670,27.0,2025-11-30 10:14:39+00:00,2025-11-30T10:14:39Z,"[51.676111, -0.607483]",422.1,171.8,184.0,171.8,155.4,3.016,4.44,,,,(GMT+00:00) Europe/London
16608177884,WeightTraining,Morning Weight Training,0.0,3729,3729,0.0,2025-11-29 09:13:34+00:00,2025-11-29T09:13:34Z,[],,117.3,150.0,0.0,0.0,0.0,0.0,,,,(GMT+00:00) Africa/Abidjan
16589325317,WeightTraining,Morning Weight Training,0.0,2886,2886,0.0,2025-11-27 05:59:43+00:00,2025-11-27T05:59:43Z,[],,129.4,166.0,0.0,0.0,0.0,0.0,,,,(GMT+00:00) Africa/Abidjan
16559534663,WeightTraining,Morning Weight Training,0.0,3201,3201,0.0,2025-11-25 07:38:50+00:00,2025-11-25T07:38:50Z,[],,132.8,167.0,0.0,0.0,0.0,0.0,,,,(GMT+00:00) Africa/Abidjan
16550165103,WeightTraining,Morning Weight Training,0.0,3301,3301,0.0,2025-11-24 07:36:26+00:00,2025-11-24T07:36:26Z,[],,133.2,167.0,0.0,0.0,0.0,0.0,,,,(GMT+00:00) Africa/Abidjan
16531017055,WeightTraining,Morning Weight Training,0.0,3017,3017,0.0,2025-11-22 08:47:14+00:00,2025-11-22T08:47:14Z,[],,125.4,164.0,0.0,0.0,0.0,0.0,,,,(GMT+00:00) Africa/Abidjan
16527111464,WeightTraining,Morning Weight Training,0.0,2816,2816,0.0,2025-11-20 06:01:05+00:00,2025-11-20T06:01:05Z,[],,133.0,171.0,0.0,0.0,0.0,0.0,,,,(GMT+00:00) Africa/Abidjan
16492144620,WeightTraining,Morning Weight Training,0.0,3007,3007,0.0,2025-11-18 07:41:49+00:00,2025-11-18T07:41:49Z,[],,123.3,165.0,0.0,0.0,0.0,0.0,,,,(GMT+00:00) Africa/Abidjan
16482355717,WeightTraining,Morning Weight Training,0.0,3143,3143,0.0,2025-11-17 07:38:21+00:00,2025-11-17T07:38:21Z,[],,133.6,178.0,0.0,0.0,0.0,0.0,,,,(GMT+00:00) Africa/Abidjan
16474111198,Walk,Morning Walk,2444.0,1821,2992,50.4,2025-11-16 10:32:05+00:00,2025-11-16T10:32:05Z,"[51.633586, -0.474976]",,123.7,156.0,52.0,0.0,1.342,2.38,,,,(GMT+00:00) Europe/London
16473773210,Run,Morning Run,5247.0,1859,1863,4.4,2025-11-16 09:59:43+00:00,2025-11-16T09:59:43Z,"[51.632653, -0.47761]",431.7,178.6,190.0,48.8,45.4,2.822,4.1,,,,(GMT+00:00) Europe/London
16462773751,WeightTraining,Morning Weight Training,0.0,3867,3867,0.0,2025-11-15 08:58:31+00:00,2025-11-15T08:58:31Z,[],,119.3,155.0,0.0,0.0,0.0,0.0,,,,(GMT+00:00) Africa/Abidjan
16442644775,WeightTraining,Morning Weight Training,0.0,2704,2704,0.0,2025-11-13 06:00:51+00:00,2025-11-13T06:00:51Z,[],,118.1,156.0,0.0,0.0,0.0,0.0,,,,(GMT+00:00) Africa/Abidjan
16421562158,WeightTraining,Morning Weight Training,0.0,3010,3010,0.0,2025-11-11 07:41:52+00:00,2025-11-11T07:41:52Z,[],,123.3,164.0,0.0,0.0,0.0,0.0,,,,(GMT+00:00) Africa/Abidjan
16411556336,WeightTraining,Morning Weight Training,0.0,3276,3276,0.0,2025-11-10 07:36:48+00:00,2025-11-10T07:36:48Z,[],,119.1,163.0,0.0,0.0,0.0,0.0,,,,(GMT+00:00) Africa/Abidjan
16395435820,Run,Afternoon Run,6054.5,2423,2436,72.8,2025-11-08 15:15:43+00:00,2025-11-08T15:15:43Z,"[51.65951, -0.508478]",512.3,155.6,177.0,116.0,76.0,2.499,3.567,,,,(GMT+00:00) Europe/London
16391501687,WeightTraining,Morning Weight Training,0.0,2982,2982,0.0,2025-11-08 09:15:25+00:00,2025-11-08T09:15:25Z,[],,120.3,151.0,0.0,0.0,0.0,0.0,,,,(GMT+00:00) Africa/Abidjan
16370687694,WeightTraining,Morning Weight Training,0.0,2852,2852,0.0,2025-11-06 05:58:48+00:00,2025-11-06T05:58:48Z,[],,119.3,153.0,0.0,0.0,0.0,0.0,,,,(GMT+00:00) Africa/Abidjan
16352787611,WeightTraining,Morning Weight Training,0.0,2891,2891,0.0,2025-11-04 07:43:05+00:00,2025-11-04T07:43:05Z,[],,133.1,167.0,0.0,0.0,0.0,0.0,,,,(GMT+00:00) Africa/Abidjan
16339052615,WeightTraining,Morning Weight Training,0.0,3094,3094,0.0,2025-11-03 07:40:06+00:00,2025-11-03T07:40:06Z,[],,127.1,167.0,0.0,0.0,0.0,0.0,,,,(GMT+00:00) Africa/Abidjan
16328324282,Run,Morning Run,8863.5,3592,3605,41.8,2025-11-02 07:29:41+00:00,2025-11-02T07:29:41Z,"[51.675764, -0.607492]",727.4,155.5,164.0,155.8,125.0,2.468,3.74,,,,(GMT+00:00) Europe/London
16321163509,WeightTraining,Morning Weight Training,0.0,3009,3009,0.0,2025-11-01 09:28:42+00:00,2025-11-01T09:28:42Z,[],,119.8,155.0,0.0,0.0,0.0,0.0,,,,(GMT+00:00) Africa/Abidjan
16299193585,WeightTraining,Morning Weight Training,0.0,2805,2805,0.0,2025-10-30 05:59:34+00:00,2025-10-30T05:59:34Z,[],,119.9,154.0,0.0,0.0,0.0,0.0,,,,(GMT+00:00) Africa/Abidjan
16278860623,WeightTraining,Morning Weight Training,0.0,2954,2954,0.0,2025-10-28 07:40:17+00:00,2025-10-28T07:40:17Z,[],,133.6,172.0,0.0,0.0,0.0,0.0,,,,(GMT+00:00) Africa/Abidjan
16268937205,WeightTraining,Morning Weight Training,0.0,3037,3037,0.0,2025-10-27 07:37:32+00:00,2025-10-27T07:37:32Z,[],,125.1,164.0,0.0,0.0,0.0,0.0,,,,(GMT+00:00) Africa/Abidjan
16258066594,Run,Morning Run,5010.5,1779,1784,27.0,2025-10-26 07:00:27+00:00,2025-10-26T07:00:27Z,"[51.676004, -0.607581]",405.1,159.9,178.0,171.6,146.8,2.816,4.427,,,,(GMT+00:00) Europe/London
16248641911,WeightTraining,Morning Weight Training,0.0,3434,3434,0.0,2025-10-25 07:46:37+00:00,2025-10-25T08:46:37Z,[],,117.4,151.0,0.0,0.0,0.0,0.0,,,,(GMT+01:00) Africa/Algiers
16228977748,WeightTraining,Morning Weight Training,0.0,2591,2591,0.0,2025-10-23 05:01:41+00:00,2025-10-23T06:01:41Z,[],,117.8,152.0,0.0,0.0,0.0,0.0,,,,(GMT+01:00) Africa/Algiers
16208181725,WeightTraining,Morning Weight Training,0.0,2909,2909,0.0,2025-10-21 06:39:58+00:00,2025-10-21T07:39:58Z,[],,112.7,157.0,0.0,0.0,0.0,0.0,,,,(GMT+01:00) Africa/Algiers
16198060707,WeightTraining,Morning Weight Training,0.0,3248,3248,0.0,2025-10-20 06:36:13+00:00,2025-10-20T07:36:13Z,[],,128.2,165.0,0.0,0.0,0.0,0.0,,,,(GMT+01:00) Africa/Algiers
16189171753,Workout,Battle Cancer 2025,0.0,5575,5575,0.0,2025-10-19 08:38:16+00:00,2025-10-19T09:38:16Z,[],,162.4,193.0,0.0,0.0,0.0,0.0,,,,(GMT+01:00) Africa/Algiers
16171554710,WeightTraining,Afternoon Weight Training,0.0,2760,2760,0.0,2025-10-17 15:30:53+00:00,2025-10-17T16:30:53Z,[],,94.8,132.0,0.0,0.0,0.0,0.0,,,,(GMT+01:00) Africa/Algiers
16145703984,WeightTraining,Morning Weight Training,0.0,2775,2775,0.0,2025-10-15 06:01:00+00:00,2025-10-15T07:01:00Z,[],,114.1,155.0,0.0,0.0,0.0,0.0,,,,(GMT+01:00) Africa/Algiers
16134793789,WeightTraining,Morning Weight Training,0.0,2821,2821,0.0,2025-10-14 06:43:19+00:00,2025-10-14T07:43:19Z,[],,107.7,155.0,0.0,0.0,0.0,0.0,,,,(GMT+01:00) Africa/Algiers
16124233386,WeightTraining,Morning Weight Training,0.0,3124,3124,0.0,2025-10-13 06:35:36+00:00,2025-10-13T07:35:36Z,[],,110.1,152.0,0.0,0.0,0.0,0.0,,,,(GMT+01:00) Africa/Algiers
16115709193,Hike,Morning Hike,17422.2,13275,13533,233.6,2025-10-12 07:22:04+00:00,2025-10-12T08:22:04Z,"[51.675747, -0.607609]",,98.5,141.0,175.2,93.4,1.312,2.233,,,,(GMT+00:00) Europe/London
16102393194,Workout,Morning Workout,0.0,3330,3330,0.0,2025-10-11 07:00:48+00:00,2025-10-11T08:00:48Z,[],,151.5,191.0,0.0,0.0,0.0,0.0,,,,(GMT+01:00) Africa/Algiers
16081979081,WeightTraining,Morning Weight Training,0.0,2931,2931,0.0,2025-10-09 04:58:33+00:00,2025-10-09T05:58:33Z,[],,127.0,157.0,0.0,0.0,0.0,0.0,,,,(GMT+01:00) Africa/Algiers
16059836158,WeightTraining,Morning Weight Training,0.0,3255,3255,0.0,2025-10-07 06:38:14+00:00,2025-10-07T07:38:14Z,[],,105.4,137.0,0.0,0.0,0.0,0.0,,,,(GMT+01:00) Africa/Algiers
16048828172,WeightTraining,Morning Weight Training,0.0,3213,3213,0.0,2025-10-06 05:58:27+00:00,2025-10-06T06:58:27Z,[],,113.6,158.0,0.0,0.0,0.0,0.0,,,,(GMT+01:00) Africa/Algiers
16040231160,Workout,Lunch Workout,0.0,4246,4246,0.0,2025-10-05 10:02:25+00:00,2025-10-05T11:02:25Z,[],,156.7,191.0,0.0,0.0,0.0,0.0,,,,(GMT+01:00) Africa/Algiers
16040230717,WeightTraining,Morning Weight Training,0.0,3152,3152,0.0,2025-10-04 08:13:12+00:00,2025-10-04T09:13:12Z,[],,120.7,152.0,0.0,0.0,0.0,0.0,,,,(GMT+01:00) Africa/Algiers
16005998444,WeightTraining,Morning Weight Training,0.0,2857,2857,0.0,2025-10-02 04:59:22+00:00,2025-10-02T05:59:22Z,[],,120.6,161.0,0.0,0.0,0.0,0.0,,,,(GMT+01:00) Africa/Algiers
15983546095,WeightTraining,Morning Weight Training,0.0,2944,2944,0.0,2025-09-30 06:42:04+00:00,2025-09-30T07:42:04Z,[],,156.7,187.0,0.0,0.0,0.0,0.0,,,,(GMT+01:00) Africa/Algiers
15972531480,WeightTraining,Morning Weight Training,0.0,3206,3206,0.0,2025-09-29 06:36:15+00:00,2025-09-29T07:36:15Z,[],,125.6,166.0,0.0,0.0,0.0,0.0,,,,(GMT+01:00) Africa/Algiers
15950163993,WeightTraining,Morning Weight Training,0.0,2806,2806,0.0,2025-09-27 08:09:45+00:00,2025-09-27T09:09:45Z,[],,129.5,154.0,0.0,0.0,0.0,0.0,,,,(GMT+01:00) Africa/Algiers
15928560526,WeightTraining,Morning Weight Training,0.0,2851,2851,0.0,2025-09-25 04:59:18+00:00,2025-09-25T05:59:18Z,[],,119.2,154.0,0.0,0.0,0.0,0.0,,,,(GMT+01:00) Africa/Algiers
15906455220,WeightTraining,Morning Weight Training,0.0,2755,2755,0.0,2025-09-23 06:42:57+00:00,2025-09-23T07:42:57Z,[],,157.8,183.0,0.0,0.0,0.0,0.0,,,,(GMT+01:00) Africa/Algiers
15895569566,WeightTraining,Morning Weight Training,0.0,3056,3056,0.0,2025-09-22 06:41:20+00:00,2025-09-22T07:41:20Z,[],,124.4,163.0,0.0,0.0,0.0,0.0,,,,(GMT+01:00) Africa/Algiers
15888669967,Walk,Afternoon Walk,3135.9,2220,2220,72.2,2025-09-21 13:16:42+00:00,2025-09-21T14:16:42Z,"[51.675829, -0.607608]",,101.4,127.0,157.8,92.2,1.413,4.175,,,,(GMT+00:00) Europe/London
15884177369,Run,Morning Run,5005.7,1542,1551,22.8,2025-09-21 07:28:36+00:00,2025-09-21T08:28:36Z,"[51.675959, -0.607468]",400.4,176.2,191.0,171.8,151.8,3.246,4.66,,,,(GMT+00:00) Europe/London
15877626445,Workout,Afternoon Workout,0.0,5369,5369,0.0,2025-09-20 13:42:13+00:00,2025-09-20T14:42:13Z,[],,127.5,186.0,0.0,0.0,0.0,0.0,,,,(GMT+01:00) Africa/Algiers
15862015075,WeightTraining,Morning Weight Training,0.0,3144,3144,0.0,2025-09-19 06:23:44+00:00,2025-09-19T07:23:44Z,[],,122.0,154.0,0.0,0.0,0.0,0.0,,,,(GMT+01:00) Africa/Algiers
15850232346,WeightTraining,Morning Weight Training,0.0,3077,3077,0.0,2025-09-18 05:01:39+00:00,2025-09-18T06:01:39Z,[],,129.2,164.0,0.0,0.0,0.0,0.0,,,,(GMT+01:00) Africa/Algiers
15846059173,WeightTraining,Morning Weight Training,0.0,2764,2764,0.0,2025-09-17 06:20:14+00:00,2025-09-17T07:20:14Z,[],,133.1,169.0,0.0,0.0,0.0,0.0,,,,(GMT+01:00) Africa/Algiers
15774442943,WeightTraining,Morning Weight Training,0.0,3283,3283,0.0,2025-09-11 05:01:52+00:00,2025-09-11T06:01:52Z,[],,124.7,157.0,0.0,0.0,0.0,0.0,,,,(GMT+01:00) Africa/Algiers
15748655641,WeightTraining,Morning Weight Training,0.0,2803,2803,0.0,2025-09-09 06:44:43+00:00,2025-09-09T07:44:43Z,[],,128.0,175.0,0.0,0.0,0.0,0.0,,,,(GMT+01:00) Africa/Algiers
15738316198,WeightTraining,Lunch Weight Training,0.0,2664,2664,0.0,2025-09-08 10:02:26+00:00,2025-09-08T11:02:26Z,[],,120.6,162.0,0.0,0.0,0.0,0.0,,,,(GMT+01:00) Africa/Algiers
15659278554,Workout,Morning Workout,3993.9,2549,2549,14.0,2025-09-01 13:23:17+00:00,2025-09-01T09:23:17Z,"[45.331488, -80.219856]",,103.8,129.0,180.6,170.2,1.567,2.009,,,,(GMT-05:00) America/Toronto
15639032150,Workout,Lunch Workout,3453.0,2499,2499,11.8,2025-08-30 15:02:03+00:00,2025-08-30T11:02:03Z,"[45.331417, -80.219917]",,99.2,133.0,182.4,170.2,1.382,2.02,,,,(GMT-05:00) America/Toronto
15587282620,Workout,Afternoon Workout,2500.0,5400,5400,0.0,2025-08-25 17:30:00+00:00,2025-08-25T10:30:00Z,[],,,,,,0.463,0.0,,,,(GMT-08:00) America/Los_Angeles
15561377269,Workout,Lunch Workout,2500.0,5400,5400,0.0,2025-08-23 16:15:00+00:00,2025-08-23T09:15:00Z,[],,,,,,0.463,0.0,,,,(GMT-08:00) America/Los_Angeles
15528979965,Workout,Afternoon Workout,3184.1,3017,3017,22.6,2025-08-20 19:37:46+00:00,2025-08-20T15:37:46Z,"[45.331681, -80.219843]",,80.2,103.0,180.2,170.8,1.055,1.915,,,,(GMT-05:00) America/Toronto
15480722752,WeightTraining,Lunch Weight Training,0.0,3032,3032,0.0,2025-08-16 15:47:29+00:00,2025-08-16T11:47:29Z,[],,111.6,146.0,0.0,0.0,0.0,0.0,,,,(GMT-04:00) America/Anguilla
15461970917,Walk,Evening Walk,1665.9,1238,1484,83.6,2025-08-14 23:54:16+00:00,2025-08-14T19:54:16Z,"[43.649687, -79.382437]",,118.2,129.0,81.6,0.0,1.346,8.7,,,,(GMT-05:00) America/Toronto
15461459951,Workout,Afternoon Squash,0.0,3184,3184,0.0,2025-08-14 21:55:27+00:00,2025-08-14T17:55:27Z,[],,154.4,186.0,0.0,0.0,0.0,0.0,,,,(GMT-04:00) America/Anguilla
15460772852,Walk,Afternoon Walk,1437.6,1078,1431,100.6,2025-08-14 21:07:08+00:00,2025-08-14T17:07:08Z,"[43.642777, -79.375168]",,103.4,115.0,100.6,0.0,1.334,9.806,,,,(GMT-05:00) America/Toronto
15460772793,WeightTraining,Afternoon Weight Training,0.0,2864,2864,0.0,2025-08-14 19:46:27+00:00,2025-08-14T15:46:27Z,[],,115.2,147.0,0.0,0.0,0.0,0.0,,,,(GMT-04:00) America/Anguilla
15436844533,WeightTraining,Afternoon Weight Training,0.0,2847,2847,0.0,2025-08-12 18:39:48+00:00,2025-08-12T14:39:48Z,[],,126.3,165.0,0.0,0.0,0.0,0.0,,,,(GMT-04:00) America/Anguilla
15425362360,WeightTraining,Afternoon Weight Training,0.0,2965,2965,0.0,2025-08-11 19:38:31+00:00,2025-08-11T15:38:31Z,[],,113.3,157.0,0.0,0.0,0.0,0.0,,,,(GMT-04:00) America/Anguilla
15398927074,Run,Afternoon Run,6170.5,2271,2276,30.8,2025-08-09 12:26:31+00:00,2025-08-09T13:26:31Z,"[51.676019, -0.607487]",482.9,159.8,179.0,170.6,153.2,2.717,3.96,,,,(GMT+00:00) Europe/London
15398930714,WeightTraining,Morning Weight Training,0.0,2849,2849,0.0,2025-08-07 04:58:37+00:00,2025-08-07T05:58:37Z,[],,124.1,155.0,0.0,0.0,0.0,0.0,,,,(GMT+01:00) Africa/Algiers
15398930499,WeightTraining,Morning Weight Training,0.0,2880,2880,0.0,2025-08-05 06:04:12+00:00,2025-08-05T07:04:12Z,[],,125.9,167.0,0.0,0.0,0.0,0.0,,,,(GMT+01:00) Africa/Algiers
15337891038,WeightTraining,Morning Weight Training,0.0,3196,3196,0.0,2025-08-04 06:37:36+00:00,2025-08-04T07:37:36Z,[],,122.3,159.0,0.0,0.0,0.0,0.0,,,,(GMT+01:00) Africa/Algiers
15327088411,Run,Morning Run,3123.3,1203,1208,3.4,2025-08-03 08:18:42+00:00,2025-08-03T09:18:42Z,"[51.677756, -0.599184]",241.8,160.2,167.0,156.6,153.2,2.596,3.2,,,,(GMT+00:00) Europe/London
15326830745,WeightTraining,Morning Weight Training,0.0,3127,3127,0.0,2025-08-03 07:21:09+00:00,2025-08-03T08:21:09Z,[],,118.9,147.0,0.0,0.0,0.0,0.0,,,,(GMT+01:00) Africa/Algiers
15321137540,Run,Afternoon Run,8522.6,3158,3168,91.4,2025-08-02 15:19:15+00:00,2025-08-02T16:19:15Z,"[51.675621, -0.60756]",670.0,167.7,188.0,170.4,98.4,2.699,4.14,,,,(GMT+00:00) Europe/London
15294010131,WeightTraining,Morning Weight Training,0.0,2967,2967,0.0,2025-07-31 05:02:58+00:00,2025-07-31T06:02:58Z,[],,129.3,162.0,0.0,0.0,0.0,0.0,,,,(GMT+01:00) Africa/Algiers
15271015606,WeightTraining,Morning Weight Training,0.0,3135,3135,0.0,2025-07-29 05:55:11+00:00,2025-07-29T06:55:11Z,[],,134.6,176.0,0.0,0.0,0.0,0.0,,,,(GMT+01:00) Africa/Algiers
15262408097,WeightTraining,Morning Weight Training,0.0,3083,3083,0.0,2025-07-28 06:39:33+00:00,2025-07-28T07:39:33Z,[],,118.2,159.0,0.0,0.0,0.0,0.0,,,,(GMT+01:00) Africa/Algiers
15234678593,WeightTraining,Afternoon Weight Training,0.0,2868,2868,0.0,2025-07-25 18:27:14+00:00,2025-07-25T14:27:14Z,[],,115.5,158.0,0.0,0.0,0.0,0.0,,,,(GMT-04:00) America/Anguilla
15213197306,WeightTraining,Afternoon Weight Training,0.0,6332,6332,0.0,2025-07-23 17:03:37+00:00,2025-07-23T13:03:37Z,[],,101.5,143.0,0.0,0.0,0.0,0.0,,,,(GMT-04:00) America/Anguilla
15198718070,WeightTraining,Morning Weight Training,0.0,2741,2741,0.0,2025-07-22 14:02:29+00:00,2025-07-22T10:02:29Z,[],,125.9,164.0,0.0,0.0,0.0,0.0,,,,(GMT-04:00) America/Anguilla
15164577049,Workout,Morning Workout,3032.3,2740,2769,10.2,2025-07-19 11:02:20+00:00,2025-07-19T07:02:20Z,"[45.331711, -80.219799]",,93.1,108.0,178.2,174.6,1.107,1.53,,,,(GMT-05:00) America/Toronto
15140976601,WeightTraining,Morning Weight Training,0.0,3095,3095,0.0,2025-07-17 04:58:27+00:00,2025-07-17T05:58:27Z,[],,122.7,161.0,0.0,0.0,0.0,0.0,,,,(GMT+01:00) Africa/Algiers
15130245280,WeightTraining,Morning Weight Training,0.0,3093,3093,0.0,2025-07-16 05:58:38+00:00,2025-07-16T06:58:38Z,[],,136.0,177.0,0.0,0.0,0.0,0.0,,,,(GMT+01:00) Africa/Algiers
15064843415,WeightTraining,Morning Weight Training,0.0,2698,2698,0.0,2025-07-10 05:00:26+00:00,2025-07-10T06:00:26Z,[],,126.7,164.0,0.0,0.0,0.0,0.0,,,,(GMT+01:00) Africa/Algiers
15064843396,WeightTraining,Morning Weight Training,0.0,3063,3063,0.0,2025-07-09 06:38:57+00:00,2025-07-09T07:38:57Z,[],,122.2,163.0,0.0,0.0,0.0,0.0,,,,(GMT+01:00) Africa/Algiers
15042758040,WeightTraining,Morning Weight Training,0.0,3078,3078,0.0,2025-07-08 06:41:16+00:00,2025-07-08T07:41:16Z,[],,127.4,169.0,0.0,0.0,0.0,0.0,,,,(GMT+01:00) Africa/Algiers
15032272110,WeightTraining,Morning Weight Training,0.0,2942,2942,0.0,2025-07-07 06:42:23+00:00,2025-07-07T07:42:23Z,[],,125.9,165.0,0.0,0.0,0.0,0.0,,,,(GMT+01:00) Africa/Algiers
15023497180,Run,Morning Run,7506.7,2637,2640,38.2,2025-07-06 09:45:41+00:00,2025-07-06T10:45:41Z,"[51.676134, -0.60749]",578.4,160.2,174.0,169.6,151.4,2.847,4.36,,,,(GMT+00:00) Europe/London
15016134571,WeightTraining,Morning Weight Training,0.0,3002,3002,0.0,2025-07-05 08:16:38+00:00,2025-07-05T09:16:38Z,[],,108.6,146.0,0.0,0.0,0.0,0.0,,,,(GMT+01:00) Africa/Algiers
15003191156,WeightTraining,Lunch Weight Training,0.0,2889,2889,0.0,2025-07-04 10:14:31+00:00,2025-07-04T11:14:31Z,[],,113.5,148.0,0.0,0.0,0.0,0.0,,,,(GMT+01:00) Africa/Algiers
14970137715,WeightTraining,Morning Weight Training,0.0,2782,2782,0.0,2025-07-01 06:44:33+00:00,2025-07-01T07:44:33Z,[],,128.7,167.0,0.0,0.0,0.0,0.0,,,,(GMT+01:00) Africa/Algiers
14963029151,WeightTraining,Afternoon Weight Training,0.0,4655,4655,0.0,2025-06-30 13:28:06+00:00,2025-06-30T14:28:06Z,[],,114.4,164.0,0.0,0.0,0.0,0.0,,,,(GMT+01:00) Africa/Algiers
14919603105,Walk,Morning Walk,5382.3,4175,4235,9.8,2025-06-26 07:19:12+00:00,2025-06-26T10:19:12Z,"[34.911255, 33.632892]",,92.4,105.0,8.6,1.6,1.289,2.427,,,,(GMT+02:00) Asia/Nicosia
14900590532,WeightTraining,Afternoon Weight Training,0.0,2844,2844,0.0,2025-06-24 12:19:16+00:00,2025-06-24T15:19:16Z,[],,116.8,154.0,0.0,0.0,0.0,0.0,,,,(GMT+03:00) Africa/Addis_Ababa
14889210463,Hike,Lunch Hike,7338.3,6278,6710,71.6,2025-06-23 09:17:50+00:00,2025-06-23T12:17:50Z,"[34.933141, 32.872142]",,96.3,120.0,1857.8,1816.8,1.169,2.101,,,,(GMT+02:00) Asia/Nicosia
14887289497,WeightTraining,Morning Weight Training,0.0,2592,2592,0.0,2025-06-23 05:16:10+00:00,2025-06-23T08:16:10Z,[],,108.5,143.0,0.0,0.0,0.0,0.0,,,,(GMT+03:00) Africa/Addis_Ababa
14878022706,WeightTraining,Morning Weight Training,0.0,3046,3046,0.0,2025-06-22 07:02:57+00:00,2025-06-22T08:02:57Z,[],,103.2,130.0,0.0,0.0,0.0,0.0,,,,(GMT+01:00) Africa/Algiers
14869082414,Workout,Turf Engine 2025,0.0,3890,3890,0.0,2025-06-21 09:59:01+00:00,2025-06-21T10:59:01Z,[],,174.0,191.0,0.0,0.0,0.0,0.0,,,,(GMT+01:00) Africa/Algiers
14845970024,WeightTraining,Morning Weight Training,0.0,2858,2858,0.0,2025-06-19 04:59:20+00:00,2025-06-19T05:59:20Z,[],,111.1,140.0,0.0,0.0,0.0,0.0,,,,(GMT+01:00) Africa/Algiers
14839762143,Workout,Afternoon Workout,0.0,2118,2118,0.0,2025-06-18 14:36:32+00:00,2025-06-18T15:36:32Z,[],,152.7,173.0,0.0,0.0,0.0,0.0,,,,(GMT+01:00) Africa/Algiers
14824738502,WeightTraining,Morning Weight Training,0.0,2816,2816,0.0,2025-06-17 06:44:20+00:00,2025-06-17T07:44:20Z,[],,123.1,151.0,0.0,0.0,0.0,0.0,,,,(GMT+01:00) Africa/Algiers
14814118180,WeightTraining,Morning Weight Training,0.0,3115,3115,0.0,2025-06-16 06:37:41+00:00,2025-06-16T07:37:41Z,[],,116.2,160.0,0.0,0.0,0.0,0.0,,,,(GMT+01:00) Africa/Algiers
14792538644,Run,Morning Run,6249.7,2506,2595,20.8,2025-06-14 04:56:48+00:00,2025-06-14T05:56:48Z,"[51.676166, -0.607506]",564.8,155.4,189.0,157.8,148.8,2.494,6.72,,,,(GMT+00:00) Europe/London
14788532838,Workout,Afternoon Workout,0.0,3844,3844,0.0,2025-06-13 16:14:09+00:00,2025-06-13T17:14:09Z,[],,149.2,182.0,0.0,0.0,0.0,0.0,,,,(GMT+01:00) Africa/Algiers
14773164600,WeightTraining,Morning Weight Training,0.0,2574,2574,0.0,2025-06-12 05:00:24+00:00,2025-06-12T06:00:24Z,[],,105.3,146.0,0.0,0.0,0.0,0.0,,,,(GMT+01:00) Africa/Algiers
14753588599,WeightTraining,Morning Weight Training,0.0,3510,3510,0.0,2025-06-10 06:36:03+00:00,2025-06-10T07:36:03Z,[],,119.5,158.0,0.0,0.0,0.0,0.0,,,,(GMT+01:00) Africa/Algiers
14741105801,WeightTraining,Morning Weight Training,0.0,3416,3416,0.0,2025-06-09 06:32:59+00:00,2025-06-09T07:32:59Z,[],,114.5,167.0,0.0,0.0,0.0,0.0,,,,(GMT+01:00) Africa/Algiers
14730803345,Run,Morning Run,5613.7,2546,2720,40.8,2025-06-08 07:33:31+00:00,2025-06-08T08:33:31Z,"[51.682164, -0.626046]",529.3,152.3,183.0,168.2,161.8,2.205,4.94,,,,(GMT+00:00) Europe/London
14726185408,WeightTraining,Morning Weight Training,0.0,3692,3692,0.0,2025-06-07 08:23:05+00:00,2025-06-07T09:23:05Z,[],,104.2,157.0,0.0,0.0,0.0,0.0,,,,(GMT+01:00) Africa/Algiers
14715618320,Workout,Afternoon Workout,0.0,4383,4383,0.0,2025-06-06 15:27:08+00:00,2025-06-06T16:27:08Z,[],,147.8,183.0,0.0,0.0,0.0,0.0,,,,(GMT+01:00) Africa/Algiers
14701240538,WeightTraining,Morning Weight Training,0.0,2814,2814,0.0,2025-06-05 05:00:33+00:00,2025-06-05T06:00:33Z,[],,99.3,141.0,0.0,0.0,0.0,0.0,,,,(GMT+01:00) Africa/Algiers
14680462575,WeightTraining,Morning Weight Training,0.0,2953,2953,0.0,2025-06-03 05:57:39+00:00,2025-06-03T06:57:39Z,[],,98.7,139.0,0.0,0.0,0.0,0.0,,,,(GMT+01:00) Africa/Algiers
14674190344,WeightTraining,Afternoon Weight Training,0.0,1671,1671,0.0,2025-06-02 16:27:25+00:00,2025-06-02T17:27:25Z,[],,166.1,183.0,0.0,0.0,0.0,0.0,,,,(GMT+01:00) Africa/Algiers
14674032431,Workout,Afternoon Workout,0.0,1806,1806,0.0,2025-06-02 15:57:11+00:00,2025-06-02T16:57:11Z,[],,169.4,181.0,0.0,0.0,0.0,0.0,,,,(GMT+01:00) Africa/Algiers
14669674588,WeightTraining,Morning Weight Training,0.0,3175,3175,0.0,2025-06-02 06:36:52+00:00,2025-06-02T07:36:52Z,[],,118.1,167.0,0.0,0.0,0.0,0.0,,,,(GMT+01:00) Africa/Algiers
14659271647,Workout,Morning Workout,0.0,735,735,0.0,2025-06-01 08:28:46+00:00,2025-06-01T09:28:46Z,[],,156.4,181.0,0.0,0.0,0.0,0.0,,,,(GMT+01:00) Africa/Algiers
14659076559,Run,Morning Run,5019.3,1757,1757,38.6,2025-06-01 07:54:38+00:00,2025-06-01T08:54:38Z,"[51.678242, -0.603488]",385.4,164.3,187.0,176.2,154.4,2.857,4.7,,,,(GMT+00:00) Europe/London
14648316297,WeightTraining,Morning Weight Training,0.0,3682,3682,0.0,2025-05-31 07:02:18+00:00,2025-05-31T08:02:18Z,[],,104.5,146.0,0.0,0.0,0.0,0.0,,,,(GMT+01:00) Africa/Algiers
14632062600,WeightTraining,Morning Weight Training,0.0,2760,2760,0.0,2025-05-29 05:00:11+00:00,2025-05-29T06:00:11Z,[],,100.9,141.0,0.0,0.0,0.0,0.0,,,,(GMT+01:00) Africa/Algiers
14607485313,WeightTraining,Morning Weight Training,0.0,2887,2887,0.0,2025-05-27 06:41:35+00:00,2025-05-27T07:41:35Z,[],,114.8,152.0,0.0,0.0,0.0,0.0,,,,(GMT+01:00) Africa/Algiers
14601370750,Workout,Afternoon Workout,0.0,3151,3151,0.0,2025-05-26 15:11:45+00:00,2025-05-26T16:11:45Z,[],,170.4,185.0,0.0,0.0,0.0,0.0,,,,(GMT+01:00) Africa/Algiers
14597582703,WeightTraining,Morning Weight Training,0.0,3200,3200,0.0,2025-05-26 06:39:46+00:00,2025-05-26T07:39:46Z,[],,114.7,160.0,0.0,0.0,0.0,0.0,,,,(GMT+01:00) Africa/Algiers
14579759417,Run,Morning Run,5019.1,1701,1705,34.0,2025-05-24 07:52:16+00:00,2025-05-24T08:52:16Z,"[51.678369, -0.603372]",380.1,163.6,187.0,176.4,154.4,2.951,4.82,,,,(GMT+00:00) Europe/London
14579759300,WeightTraining,Morning Weight Training,0.0,2687,2687,0.0,2025-05-24 07:01:16+00:00,2025-05-24T08:01:16Z,[],,112.9,156.0,0.0,0.0,0.0,0.0,,,,(GMT+01:00) Africa/Algiers
14571956823,Workout,Afternoon Workout,0.0,3505,3505,0.0,2025-05-23 16:07:54+00:00,2025-05-23T17:07:54Z,[],,169.1,189.0,0.0,0.0,0.0,0.0,,,,(GMT+01:00) Africa/Algiers
14567323838,WeightTraining,Morning Weight Training,0.0,3400,3400,0.0,2025-05-23 05:44:24+00:00,2025-05-23T06:44:24Z,[],,128.1,173.0,0.0,0.0,0.0,0.0,,,,(GMT+01:00) Africa/Algiers
14567323837,WeightTraining,Morning Weight Training,0.0,2797,2797,0.0,2025-05-22 04:59:35+00:00,2025-05-22T05:59:35Z,[],,111.1,163.0,0.0,0.0,0.0,0.0,,,,(GMT+01:00) Africa/Algiers
14526125306,WeightTraining,Morning Weight Training,0.0,3386,3386,0.0,2025-05-19 06:36:20+00:00,2025-05-19T07:36:20Z,[],,106.6,159.0,0.0,0.0,0.0,0.0,,,,(GMT+01:00) Africa/Algiers
14485160889,WeightTraining,Morning Weight Training,0.0,2809,2809,0.0,2025-05-15 04:59:15+00:00,2025-05-15T05:59:15Z,[],,116.9,149.0,0.0,0.0,0.0,0.0,,,,(GMT+01:00) Africa/Algiers
14463824395,WeightTraining,Morning Weight Training,0.0,2960,2960,0.0,2025-05-13 06:39:31+00:00,2025-05-13T07:39:31Z,[],,135.4,189.0,0.0,0.0,0.0,0.0,,,,(GMT+01:00) Africa/Algiers
14453389955,WeightTraining,Morning Weight Training,0.0,3366,3366,0.0,2025-05-12 06:35:10+00:00,2025-05-12T07:35:10Z,[],,112.8,165.0,0.0,0.0,0.0,0.0,,,,(GMT+01:00) Africa/Algiers
14432490320,Run,Morning Run,5011.8,1525,1536,35.0,2025-05-10 08:00:41+00:00,2025-05-10T09:00:41Z,"[51.678501, -0.603195]",379.7,174.7,186.0,175.4,153.6,3.286,4.74,,,,(GMT+00:00) Europe/London
14432490104,WeightTraining,Morning Weight Training,0.0,3471,3471,0.0,2025-05-10 06:57:11+00:00,2025-05-10T07:57:11Z,[],,122.9,165.0,0.0,0.0,0.0,0.0,,,,(GMT+01:00) Africa/Algiers
14427519763,Workout,Afternoon Workout,0.0,2528,2528,0.0,2025-05-09 16:23:01+00:00,2025-05-09T17:23:01Z,[],,154.9,184.0,0.0,0.0,0.0,0.0,,,,(GMT+01:00) Africa/Algiers
14412179741,WeightTraining,Morning Weight Training,0.0,2755,2755,0.0,2025-05-08 04:59:59+00:00,2025-05-08T05:59:59Z,[],,117.6,150.0,0.0,0.0,0.0,0.0,,,,(GMT+01:00) Africa/Algiers
14412179737,Workout,Afternoon Workout,0.0,3028,3028,0.0,2025-05-07 16:00:22+00:00,2025-05-07T17:00:22Z,[],,160.7,185.0,0.0,0.0,0.0,0.0,,,,(GMT+01:00) Africa/Algiers
14391964711,WeightTraining,Morning Weight Training,0.0,2879,2879,0.0,2025-05-06 06:36:54+00:00,2025-05-06T07:36:54Z,[],,140.2,185.0,0.0,0.0,0.0,0.0,,,,(GMT+01:00) Africa/Algiers
14382030681,WeightTraining,Morning Weight Training,0.0,3410,3410,0.0,2025-05-05 06:37:53+00:00,2025-05-05T07:37:53Z,[],,119.7,176.0,0.0,0.0,0.0,0.0,,,,(GMT+01:00) Africa/Algiers
14361404137,Workout,Morning Workout,0.0,1207,1207,0.0,2025-05-03 08:03:14+00:00,2025-05-03T09:03:14Z,[],,172.7,188.0,0.0,0.0,0.0,0.0,,,,(GMT+01:00) Africa/Algiers
14361404147,WeightTraining,Morning Weight Training,0.0,3706,3706,0.0,2025-05-03 07:01:18+00:00,2025-05-03T08:01:18Z,[],,131.2,176.0,0.0,0.0,0.0,0.0,,,,(GMT+01:00) Africa/Algiers
14339613778,WeightTraining,Morning Weight Training,0.0,2989,2989,0.0,2025-05-01 04:56:51+00:00,2025-05-01T05:56:51Z,[],,115.4,155.0,0.0,0.0,0.0,0.0,,,,(GMT+01:00) Africa/Algiers
14322651989,WeightTraining,Lunch Weight Training,0.0,3049,3049,0.0,2025-04-29 11:45:39+00:00,2025-04-29T12:45:39Z,[],,99.6,146.0,0.0,0.0,0.0,0.0,,,,(GMT+01:00) Africa/Algiers
14250263103,WeightTraining,Morning Weight Training,0.0,2981,2981,0.0,2025-04-22 06:41:23+00:00,2025-04-22T07:41:23Z,[],,160.5,187.0,0.0,0.0,0.0,0.0,,,,(GMT+01:00) Africa/Algiers
14238714728,WeightTraining,Morning Weight Training,0.0,3254,3254,0.0,2025-04-21 06:36:58+00:00,2025-04-21T07:36:58Z,[],,105.7,159.0,0.0,0.0,0.0,0.0,,,,(GMT+01:00) Africa/Algiers
14219988629,WeightTraining,Morning Weight Training,0.0,4438,4438,0.0,2025-04-19 07:31:14+00:00,2025-04-19T08:31:14Z,[],,111.0,156.0,0.0,0.0,0.0,0.0,,,,(GMT+01:00) Africa/Algiers
14211189967,Run,Morning Run,10015.4,3513,3516,97.2,2025-04-18 09:13:25+00:00,2025-04-18T10:13:25Z,"[51.67564, -0.607509]",759.2,160.4,183.0,157.0,88.6,2.851,4.24,,,,(GMT+00:00) Europe/London
14200288596,WeightTraining,Morning Weight Training,0.0,2894,2894,0.0,2025-04-17 04:58:06+00:00,2025-04-17T05:58:06Z,[],,112.8,152.0,0.0,0.0,0.0,0.0,,,,(GMT+01:00) Africa/Algiers
14191459220,Workout,Morning Workout,0.0,2271,2271,0.0,2025-04-16 06:16:41+00:00,2025-04-16T07:16:41Z,[],,157.7,181.0,0.0,0.0,0.0,0.0,,,,(GMT+01:00) Africa/Algiers
14182894479,WeightTraining,Morning Weight Training,0.0,3004,3004,0.0,2025-04-15 06:40:03+00:00,2025-04-15T07:40:03Z,[],,121.0,164.0,0.0,0.0,0.0,0.0,,,,(GMT+01:00) Africa/Algiers
14172132889,WeightTraining,Morning Weight Training,0.0,2972,2972,0.0,2025-04-14 06:40:08+00:00,2025-04-14T07:40:08Z,[],,121.2,166.0,0.0,0.0,0.0,0.0,,,,(GMT+01:00) Africa/Algiers
14162280910,Run,Nike Run Club: Sunday Morning Run,5428.1,1837,1846,38.0,2025-04-13 07:50:17+00:00,2025-04-13T08:50:17Z,"[51.678516, -0.603605]",,169.1,190.0,176.8,146.2,2.955,4.9,,,,(GMT+00:00) Europe/London
14152398158,Workout,Morning Workout,0.0,2423,2423,0.0,2025-04-12 07:48:58+00:00,2025-04-12T08:48:58Z,[],,165.6,186.0,0.0,0.0,0.0,0.0,,,,(GMT+01:00) Africa/Algiers
14146593234,WeightTraining,Afternoon Weight Training,0.0,3674,3674,0.0,2025-04-11 12:42:31+00:00,2025-04-11T13:42:31Z,[],,116.4,168.0,0.0,0.0,0.0,0.0,,,,(GMT+01:00) Africa/Algiers
14133450334,WeightTraining,Morning Weight Training,0.0,2626,2626,0.0,2025-04-10 05:00:41+00:00,2025-04-10T06:00:41Z,[],,116.2,156.0,0.0,0.0,0.0,0.0,,,,(GMT+01:00) Africa/Algiers
14113665799,WeightTraining,Morning Weight Training,0.0,2728,2728,0.0,2025-04-08 06:45:06+00:00,2025-04-08T07:45:06Z,[],,128.9,187.0,0.0,0.0,0.0,0.0,,,,(GMT+01:00) Africa/Algiers
14108150107,WeightTraining,Afternoon Weight Training,0.0,2722,2722,0.0,2025-04-07 16:01:01+00:00,2025-04-07T17:01:01Z,[],,110.9,164.0,0.0,0.0,0.0,0.0,,,,(GMT+01:00) Africa/Algiers
14075184218,WeightTraining,Morning Weight Training,0.0,3188,3188,0.0,2025-04-04 06:23:11+00:00,2025-04-04T07:23:11Z,[],,113.3,164.0,0.0,0.0,0.0,0.0,,,,(GMT+01:00) Africa/Algiers
14075279951,WeightTraining,Morning Weight Training,0.0,2583,2583,0.0,2025-04-03 05:01:02+00:00,2025-04-03T06:01:02Z,[],,121.9,152.0,0.0,0.0,0.0,0.0,,,,(GMT+01:00) Africa/Algiers
14060144813,Workout,Afternoon Workout,0.0,3057,3057,0.0,2025-04-02 15:24:32+00:00,2025-04-02T16:24:32Z,[],,153.1,181.0,0.0,0.0,0.0,0.0,,,,(GMT+01:00) Africa/Algiers
14045522707,WeightTraining,Morning Weight Training,0.0,2886,2886,0.0,2025-04-01 06:27:31+00:00,2025-04-01T07:27:31Z,[],,135.3,187.0,0.0,0.0,0.0,0.0,,,,(GMT+01:00) Africa/Algiers
14036137264,WeightTraining,Morning Weight Training,0.0,3325,3325,0.0,2025-03-31 06:36:03+00:00,2025-03-31T07:36:03Z,[],,112.2,161.0,0.0,0.0,0.0,0.0,,,,(GMT+01:00) Africa/Algiers
14017984974,WeightTraining,Morning Weight Training,0.0,3782,3782,0.0,2025-03-29 09:10:06+00:00,2025-03-29T09:10:06Z,[],,107.1,149.0,0.0,0.0,0.0,0.0,,,,(GMT+00:00) Africa/Abidjan
14017965939,Run,Nike Run Club: Saturday Morning Run,5632.9,2118,2122,35.0,2025-03-29 08:32:34+00:00,2025-03-29T08:32:34Z,"[51.678349, -0.603362]",,150.0,174.0,176.8,152.0,2.66,4.1,,,,(GMT+00:00) Europe/London
14009081766,Workout,Morning Workout,0.0,3049,3049,0.0,2025-03-28 07:35:52+00:00,2025-03-28T07:35:52Z,[],,142.9,170.0,0.0,0.0,0.0,0.0,,,,(GMT+00:00) Africa/Abidjan
14005787834,WeightTraining,Morning Weight Training,0.0,2775,2775,0.0,2025-03-27 06:00:53+00:00,2025-03-27T06:00:53Z,[],,116.1,143.0,0.0,0.0,0.0,0.0,,,,(GMT+00:00) Africa/Abidjan
13991543587,Workout,Lunch Workout,0.0,2872,2872,0.0,2025-03-26 11:03:08+00:00,2025-03-26T11:03:08Z,[],,152.8,183.0,0.0,0.0,0.0,0.0,,,,(GMT+00:00) Africa/Abidjan
13980473866,WeightTraining,Morning Weight Training,0.0,2900,2900,0.0,2025-03-25 07:27:51+00:00,2025-03-25T07:27:51Z,[],,121.7,168.0,0.0,0.0,0.0,0.0,,,,(GMT+00:00) Africa/Abidjan
13971181768,WeightTraining,Morning Weight Training,0.0,2858,2858,0.0,2025-03-24 07:38:01+00:00,2025-03-24T07:38:01Z,[],,117.8,167.0,0.0,0.0,0.0,0.0,,,,(GMT+00:00) Africa/Abidjan
13961397898,Run,Nike Run Club: Sunday Morning Run,7508.4,2439,2443,40.0,2025-03-23 09:21:29+00:00,2025-03-23T09:21:29Z,"[51.676317, -0.607555]",,167.5,178.0,171.8,151.2,3.078,4.06,,,,(GMT+00:00) Europe/London
13953779816,WeightTraining,Morning Weight Training,0.0,4577,4577,0.0,2025-03-22 08:14:59+00:00,2025-03-22T08:14:59Z,[],,116.9,175.0,0.0,0.0,0.0,0.0,,,,(GMT+00:00) Africa/Abidjan
13947646924,Workout,Afternoon Workout,0.0,2468,2468,0.0,2025-03-21 17:22:26+00:00,2025-03-21T17:22:26Z,[],,151.3,184.0,0.0,0.0,0.0,0.0,,,,(GMT+00:00) Africa/Abidjan
13947647451,WeightTraining,Morning Weight Training,0.0,2726,2726,0.0,2025-03-20 06:00:23+00:00,2025-03-20T06:00:23Z,[],,122.0,164.0,0.0,0.0,0.0,0.0,,,,(GMT+00:00) Africa/Abidjan
13929418297,Workout,Evening Workout,0.0,1805,1805,0.0,2025-03-19 18:11:04+00:00,2025-03-19T18:11:04Z,[],,162.0,178.0,0.0,0.0,0.0,0.0,,,,(GMT+00:00) Africa/Abidjan
13929418145,WeightTraining,Afternoon Weight Training,0.0,3073,3073,0.0,2025-03-19 17:19:49+00:00,2025-03-19T17:19:49Z,[],,121.2,156.0,0.0,0.0,0.0,0.0,,,,(GMT+00:00) Africa/Abidjan
13914879678,WeightTraining,Afternoon Weight Training,0.0,3037,3037,0.0,2025-03-17 17:07:11+00:00,2025-03-17T17:07:11Z,[],,121.8,166.0,0.0,0.0,0.0,0.0,,,,(GMT+00:00) Africa/Abidjan
13897199187,Run,Nike Run Club: Sunday Morning Run,15018.5,5374,5378,94.0,2025-03-16 10:02:20+00:00,2025-03-16T10:02:20Z,"[51.676275, -0.607614]",,157.9,168.0,174.4,155.2,2.795,4.26,,,,(GMT+00:00) Europe/London
13886654035,WeightTraining,Morning Weight Training,0.0,4356,4356,0.0,2025-03-15 08:24:38+00:00,2025-03-15T08:24:38Z,[],,123.3,160.0,0.0,0.0,0.0,0.0,,,,(GMT+00:00) Africa/Abidjan
13882387456,Workout,Afternoon Workout,0.0,3412,3412,0.0,2025-03-14 17:22:45+00:00,2025-03-14T17:22:45Z,[],,147.0,178.0,0.0,0.0,0.0,0.0,,,,(GMT+00:00) Africa/Abidjan
13878386131,WeightTraining,Afternoon Weight Training,0.0,3325,3325,0.0,2025-03-13 17:21:25+00:00,2025-03-13T17:21:25Z,[],,125.0,172.0,0.0,0.0,0.0,0.0,,,,(GMT+00:00) Africa/Abidjan
13860811346,Workout,Lunch Workout,0.0,1508,1508,0.0,2025-03-12 11:15:35+00:00,2025-03-12T11:15:35Z,[],,163.4,183.0,0.0,0.0,0.0,0.0,,,,(GMT+00:00) Africa/Abidjan
13860811347,WeightTraining,Morning Weight Training,0.0,2135,2135,0.0,2025-03-12 10:39:56+00:00,2025-03-12T10:39:56Z,[],,132.1,162.0,0.0,0.0,0.0,0.0,,,,(GMT+00:00) Africa/Abidjan
13849481771,WeightTraining,Morning Weight Training,0.0,2808,2808,0.0,2025-03-11 07:18:10+00:00,2025-03-11T07:18:10Z,[],,104.9,154.0,0.0,0.0,0.0,0.0,,,,(GMT+00:00) Africa/Abidjan
13834885621,Workout,Morning Pickleball,0.0,2687,2687,0.0,2025-03-09 13:47:14+00:00,2025-03-09T08:47:14Z,[],,139.1,168.0,0.0,0.0,0.0,0.0,,,,(GMT-05:00) America/Atikokan
13832532945,Workout,Morning Pickleball,0.0,2859,2859,0.0,2025-03-08 12:58:02+00:00,2025-03-08T07:58:02Z,[],,125.5,154.0,0.0,0.0,0.0,0.0,,,,(GMT-05:00) America/Atikokan
13822669327,WeightTraining,Morning Weight Training,0.0,2910,2910,0.0,2025-03-08 11:16:23+00:00,2025-03-08T06:16:23Z,[],,100.2,135.0,0.0,0.0,0.0,0.0,,,,(GMT-05:00) America/Atikokan
13814651677,Workout,Morning Pickleball,0.0,2591,2591,0.0,2025-03-07 13:49:01+00:00,2025-03-07T08:49:01Z,[],,143.2,169.0,0.0,0.0,0.0,0.0,,,,(GMT-05:00) America/Atikokan
13814020214,WeightTraining,Morning Weight Training,0.0,2814,2814,0.0,2025-03-07 11:56:31+00:00,2025-03-07T06:56:31Z,[],,125.7,167.0,0.0,0.0,0.0,0.0,,,,(GMT-05:00) America/Atikokan
13814020115,Workout,Night Workout,0.0,2584,2584,0.0,2025-03-05 07:10:52+00:00,2025-03-05T02:10:52Z,[],,160.1,182.0,0.0,0.0,0.0,0.0,,,,(GMT-05:00) America/Atikokan
13783734434,WeightTraining,Morning Weight Training,0.0,3120,3120,0.0,2025-03-04 06:39:22+00:00,2025-03-04T06:39:22Z,[],,134.3,187.0,0.0,0.0,0.0,0.0,,,,(GMT+00:00) Africa/Abidjan
13779697218,WeightTraining,Morning Weight Training,0.0,3273,3273,0.0,2025-03-03 07:37:33+00:00,2025-03-03T07:37:33Z,[],,111.2,163.0,0.0,0.0,0.0,0.0,,,,(GMT+00:00) Africa/Abidjan
13766658001,Run,Nike Run Club: Sunday Morning Run,5002.8,1652,1657,34.0,2025-03-02 10:25:27+00:00,2025-03-02T10:25:27Z,"[51.676077, -0.607484]",,161.8,186.0,160.2,137.4,3.028,4.42,,,,(GMT+00:00) Europe/London
13766709075,WeightTraining,Morning Weight Training,0.0,4450,4450,0.0,2025-03-01 08:31:56+00:00,2025-03-01T08:31:56Z,[],,120.1,156.0,0.0,0.0,0.0,0.0,,,,(GMT+00:00) Africa/Abidjan
13752116883,Workout,Afternoon Workout,0.0,2536,2536,0.0,2025-02-28 16:54:51+00:00,2025-02-28T16:54:51Z,[],,158.0,186.0,0.0,0.0,0.0,0.0,,,,(GMT+00:00) Africa/Abidjan
13738807376,WeightTraining,Morning Weight Training,0.0,2821,2821,0.0,2025-02-27 06:00:25+00:00,2025-02-27T06:00:25Z,[],,116.7,156.0,0.0,0.0,0.0,0.0,,,,(GMT+00:00) Africa/Abidjan
13729961928,Workout,Morning Workout,0.0,2642,2642,0.0,2025-02-26 07:01:03+00:00,2025-02-26T07:01:03Z,[],,153.2,180.0,0.0,0.0,0.0,0.0,,,,(GMT+00:00) Africa/Abidjan
13725492765,WeightTraining,Morning Weight Training,0.0,2972,2972,0.0,2025-02-25 07:24:01+00:00,2025-02-25T07:24:01Z,[],,141.2,190.0,0.0,0.0,0.0,0.0,,,,(GMT+00:00) Africa/Abidjan
13714809724,WeightTraining,Morning Weight Training,0.0,3181,3181,0.0,2025-02-24 07:36:26+00:00,2025-02-24T07:36:26Z,[],,120.4,169.0,0.0,0.0,0.0,0.0,,,,(GMT+00:00) Africa/Abidjan
13702152338,Run,Nike Run Club: Sunday Morning Run,10062.3,3576,3576,54.0,2025-02-23 08:34:01+00:00,2025-02-23T08:34:01Z,"[51.676213, -0.607512]",,161.0,183.0,171.8,154.8,2.814,5.52,,,,(GMT+00:00) Europe/London
13693952082,WeightTraining,Morning Weight Training,0.0,5426,5426,0.0,2025-02-22 08:06:27+00:00,2025-02-22T08:06:27Z,[],,118.2,173.0,0.0,0.0,0.0,0.0,,,,(GMT+00:00) Africa/Abidjan
13688794007,Workout,Afternoon Workout,0.0,3658,3658,0.0,2025-02-21 17:02:03+00:00,2025-02-21T17:02:03Z,[],,133.4,182.0,0.0,0.0,0.0,0.0,,,,(GMT+00:00) Africa/Abidjan
13675633457,WeightTraining,Morning Weight Training,0.0,2858,2858,0.0,2025-02-20 05:58:23+00:00,2025-02-20T05:58:23Z,[],,120.7,165.0,0.0,0.0,0.0,0.0,,,,(GMT+00:00) Africa/Abidjan
13657730900,WeightTraining,Morning Weight Training,0.0,3154,3154,0.0,2025-02-18 07:23:51+00:00,2025-02-18T07:23:51Z,[],,130.5,169.0,0.0,0.0,0.0,0.0,,,,(GMT+00:00) Africa/Abidjan
13651618008,WeightTraining,Morning Weight Training,0.0,3232,3232,0.0,2025-02-17 07:38:52+00:00,2025-02-17T07:38:52Z,[],,114.2,148.0,0.0,0.0,0.0,0.0,,,,(GMT+00:00) Africa/Abidjan
13640328544,Run,Nike Run Club: Sunday Morning Run,10017.5,3559,3562,91.0,2025-02-16 09:07:07+00:00,2025-02-16T09:07:07Z,"[51.676061, -0.607329]",,164.4,187.0,175.0,97.4,2.815,4.8,,,,(GMT+00:00) Europe/London
13631146417,WeightTraining,Morning Weight Training,0.0,4855,4855,0.0,2025-02-15 08:32:54+00:00,2025-02-15T08:32:54Z,[],,111.9,163.0,0.0,0.0,0.0,0.0,,,,(GMT+00:00) Africa/Abidjan
13627068189,Workout,Afternoon Workout,0.0,3859,3859,0.0,2025-02-14 16:56:07+00:00,2025-02-14T16:56:07Z,[],,136.5,183.0,0.0,0.0,0.0,0.0,,,,(GMT+00:00) Africa/Abidjan
13614374015,WeightTraining,Morning Weight Training,0.0,2348,2348,0.0,2025-02-13 06:26:04+00:00,2025-02-13T06:26:04Z,[],,127.8,166.0,0.0,0.0,0.0,0.0,,,,(GMT+00:00) Africa/Abidjan
13596905888,WeightTraining,Morning Weight Training,0.0,3386,3386,0.0,2025-02-11 07:23:50+00:00,2025-02-11T07:23:50Z,[],,122.5,163.0,0.0,0.0,0.0,0.0,,,,(GMT+00:00) Africa/Abidjan
13588477996,WeightTraining,Morning Weight Training,0.0,3513,3513,0.0,2025-02-10 07:35:49+00:00,2025-02-10T07:35:49Z,[],,122.9,160.0,0.0,0.0,0.0,0.0,,,,(GMT+00:00) Africa/Abidjan
13579834896,Run,Nike Run Club: Sunday Morning Run,10045.2,3392,3392,51.0,2025-02-09 09:28:42+00:00,2025-02-09T09:28:42Z,"[51.676063, -0.607588]",,166.8,184.0,177.2,147.6,2.961,4.44,,,,(GMT+00:00) Europe/London
13570074629,WeightTraining,Morning Weight Training,0.0,4363,4363,0.0,2025-02-08 08:01:17+00:00,2025-02-08T08:01:17Z,[],,118.7,158.0,0.0,0.0,0.0,0.0,,,,(GMT+00:00) Africa/Abidjan
13566100965,Workout,Afternoon Workout,0.0,3167,3167,0.0,2025-02-07 17:18:58+00:00,2025-02-07T17:18:58Z,[],,145.5,176.0,0.0,0.0,0.0,0.0,,,,(GMT+00:00) Africa/Abidjan
13558377334,WeightTraining,Morning Weight Training,0.0,2829,2829,0.0,2025-02-06 05:58:38+00:00,2025-02-06T05:58:38Z,[],,125.5,157.0,0.0,0.0,0.0,0.0,,,,(GMT+00:00) Africa/Abidjan
13534870321,WeightTraining,Morning Weight Training,0.0,3054,3054,0.0,2025-02-04 07:24:42+00:00,2025-02-04T07:24:42Z,[],,127.9,174.0,0.0,0.0,0.0,0.0,,,,(GMT+00:00) Africa/Abidjan
13534394989,WeightTraining,Morning Weight Training,0.0,3274,3274,0.0,2025-02-03 07:41:23+00:00,2025-02-03T07:41:23Z,[],,130.4,174.0,0.0,0.0,0.0,0.0,,,,(GMT+00:00) Africa/Abidjan
13517035749,Workout,Morning Workout,0.0,3915,3915,0.0,2025-02-02 09:21:46+00:00,2025-02-02T09:21:46Z,[],,154.5,187.0,0.0,0.0,0.0,0.0,,,,(GMT+00:00) Africa/Abidjan
13511762407,WeightTraining,Morning Weight Training,0.0,3853,3853,0.0,2025-02-01 08:02:49+00:00,2025-02-01T08:02:49Z,[],,111.4,160.0,0.0,0.0,0.0,0.0,,,,(GMT+00:00) Africa/Abidjan
13503277003,Workout,Afternoon Workout,0.0,3649,3649,0.0,2025-01-31 17:31:53+00:00,2025-01-31T17:31:53Z,[],,141.1,181.0,0.0,0.0,0.0,0.0,,,,(GMT+00:00) Africa/Abidjan
13490027152,WeightTraining,Morning Weight Training,0.0,2842,2842,0.0,2025-01-30 05:59:25+00:00,2025-01-30T05:59:25Z,[],,119.5,156.0,0.0,0.0,0.0,0.0,,,,(GMT+00:00) Africa/Abidjan
13481448403,Workout,Morning Workout,0.0,2247,2247,0.0,2025-01-29 07:31:06+00:00,2025-01-29T07:31:06Z,[],,130.9,145.0,0.0,0.0,0.0,0.0,,,,(GMT+00:00) Africa/Abidjan
13472589098,WeightTraining,Morning Weight Training,0.0,3788,3788,0.0,2025-01-28 07:18:31+00:00,2025-01-28T07:18:31Z,[],,138.5,187.0,0.0,0.0,0.0,0.0,,,,(GMT+00:00) Africa/Abidjan
13469352991,WeightTraining,Morning Weight Training,0.0,3369,3369,0.0,2025-01-27 07:36:11+00:00,2025-01-27T07:36:11Z,[],,118.0,169.0,0.0,0.0,0.0,0.0,,,,(GMT+00:00) Africa/Abidjan
13459329913,WeightTraining,Morning Weight Training,0.0,3664,3664,0.0,2025-01-26 08:18:17+00:00,2025-01-26T08:18:17Z,[],,109.1,139.0,0.0,0.0,0.0,0.0,,,,(GMT+00:00) Africa/Abidjan
13446069547,Workout,Morning Workout,0.0,3607,3607,0.0,2025-01-25 08:53:57+00:00,2025-01-25T08:53:57Z,[],,160.8,192.0,0.0,0.0,0.0,0.0,,,,(GMT+00:00) Africa/Abidjan
13429045699,WeightTraining,Morning Weight Training,0.0,2792,2792,0.0,2025-01-23 06:02:05+00:00,2025-01-23T06:02:05Z,[],,136.0,164.0,0.0,0.0,0.0,0.0,,,,(GMT+00:00) Africa/Abidjan
13411872752,WeightTraining,Morning Weight Training,0.0,2861,2861,0.0,2025-01-21 07:30:21+00:00,2025-01-21T07:30:21Z,[],,156.9,190.0,0.0,0.0,0.0,0.0,,,,(GMT+00:00) Africa/Abidjan
13403256280,WeightTraining,Morning Weight Training,0.0,3227,3227,0.0,2025-01-20 07:38:06+00:00,2025-01-20T07:38:06Z,[],,130.7,177.0,0.0,0.0,0.0,0.0,,,,(GMT+00:00) Africa/Abidjan
13394834561,Workout,Morning Workout,0.0,2757,2757,0.0,2025-01-19 09:53:54+00:00,2025-01-19T09:53:54Z,[],,154.5,189.0,0.0,0.0,0.0,0.0,,,,(GMT+00:00) Africa/Abidjan
13385854533,WeightTraining,Morning Weight Training,0.0,3532,3532,0.0,2025-01-18 08:00:58+00:00,2025-01-18T08:00:58Z,[],,138.6,169.0,0.0,0.0,0.0,0.0,,,,(GMT+00:00) Africa/Abidjan
13376686883,WeightTraining,Morning Weight Training,0.0,2847,2847,0.0,2025-01-17 07:14:07+00:00,2025-01-17T07:14:07Z,[],,135.0,178.0,0.0,0.0,0.0,0.0,,,,(GMT+00:00) Africa/Abidjan
13367883862,Workout,Morning Workout,0.0,1951,1951,0.0,2025-01-16 06:45:35+00:00,2025-01-16T06:45:35Z,[],,155.7,181.0,0.0,0.0,0.0,0.0,,,,(GMT+00:00) Africa/Abidjan
13367883860,WeightTraining,Morning Weight Training,0.0,2721,2721,0.0,2025-01-16 06:00:04+00:00,2025-01-16T06:00:04Z,[],,136.3,178.0,0.0,0.0,0.0,0.0,,,,(GMT+00:00) Africa/Abidjan
13376689485,WeightTraining,Morning Weight Training,0.0,3247,3247,0.0,2025-01-13 07:39:46+00:00,2025-01-13T07:39:46Z,[],,140.5,182.0,0.0,0.0,0.0,0.0,,,,(GMT+00:00) Africa/Abidjan
13331189080,Workout,Morning Workout,0.0,2422,2422,0.0,2025-01-12 08:03:28+00:00,2025-01-12T08:03:28Z,[],,152.1,177.0,0.0,0.0,0.0,0.0,,,,(GMT+00:00) Africa/Abidjan
13322637595,WeightTraining,Morning Weight Training,0.0,3633,3633,0.0,2025-01-11 08:45:06+00:00,2025-01-11T08:45:06Z,[],,124.4,165.0,0.0,0.0,0.0,0.0,,,,(GMT+00:00) Africa/Abidjan
13305501655,WeightTraining,Morning Weight Training,0.0,3084,3084,0.0,2025-01-09 06:43:28+00:00,2025-01-09T06:43:28Z,[],,127.4,156.0,0.0,0.0,0.0,0.0,,,,(GMT+00:00) Africa/Abidjan
13287721723,WeightTraining,Morning Weight Training,0.0,2923,2923,0.0,2025-01-07 06:57:37+00:00,2025-01-07T06:57:37Z,[],,136.0,175.0,0.0,0.0,0.0,0.0,,,,(GMT+00:00) Africa/Abidjan
13281414995,WeightTraining,Morning Weight Training,0.0,3104,3104,0.0,2025-01-06 07:41:40+00:00,2025-01-06T07:41:40Z,[],,141.4,188.0,0.0,0.0,0.0,0.0,,,,(GMT+00:00) Africa/Abidjan
13258602606,Workout,Afternoon Pickleball,0.0,5363,5363,0.0,2025-01-03 19:56:27+00:00,2025-01-03T15:56:27Z,[],,155.6,187.0,0.0,0.0,0.0,0.0,,,,(GMT-04:00) America/Anguilla
13255363102,WeightTraining,Morning Weight Training,0.0,3368,3368,0.0,2025-01-03 12:59:55+00:00,2025-01-03T08:59:55Z,[],,118.2,153.0,0.0,0.0,0.0,0.0,,,,(GMT-04:00) America/Anguilla
13246481247,WeightTraining,Morning Weight Training,0.0,2974,2974,0.0,2025-01-02 13:19:35+00:00,2025-01-02T09:19:35Z,[],,120.2,166.0,0.0,0.0,0.0,0.0,,,,(GMT-04:00) America/Anguilla
13231796545,WeightTraining,Morning Weight Training,0.0,3236,3236,0.0,2024-12-31 13:42:05+00:00,2024-12-31T09:42:05Z,[],,129.9,161.0,0.0,0.0,0.0,0.0,,,,(GMT-04:00) America/Anguilla
13226881077,Workout,Afternoon Pickleball,0.0,3762,3762,0.0,2024-12-30 19:01:56+00:00,2024-12-30T15:01:56Z,[],,151.8,183.0,0.0,0.0,0.0,0.0,,,,(GMT-04:00) America/Anguilla
13226881240,WeightTraining,Morning Weight Training,0.0,3147,3147,0.0,2024-12-30 13:36:15+00:00,2024-12-30T09:36:15Z,[],,135.6,169.0,0.0,0.0,0.0,0.0,,,,(GMT-04:00) America/Anguilla
13208740006,WeightTraining,Morning Weight Training,0.0,4848,4848,0.0,2024-12-28 13:19:05+00:00,2024-12-28T09:19:05Z,[],,126.9,164.0,0.0,0.0,0.0,0.0,,,,(GMT-04:00) America/Anguilla
13200880514,Hike,Morning Hike,5053.9,4933,5073,172.4,2024-12-27 12:34:29+00:00,2024-12-27T08:34:29Z,"[17.152798, -62.62366]",,117.0,155.0,153.0,6.0,1.025,1.859,,,,(GMT-04:00) America/St_Kitts
13196617101,Workout,Afternoon Pickleball,0.0,5913,5913,0.0,2024-12-26 19:59:52+00:00,2024-12-26T15:59:52Z,[],,144.9,182.0,0.0,0.0,0.0,0.0,,,,(GMT-04:00) America/Anguilla
13194148517,WeightTraining,Morning Weight Training,0.0,3138,3138,0.0,2024-12-26 13:47:57+00:00,2024-12-26T09:47:57Z,[],,124.4,160.0,0.0,0.0,0.0,0.0,,,,(GMT-04:00) America/Anguilla
13194147695,WeightTraining,Morning Weight Training,0.0,3725,3725,0.0,2024-12-24 13:39:55+00:00,2024-12-24T09:39:55Z,[],,125.2,163.0,0.0,0.0,0.0,0.0,,,,(GMT-04:00) America/Anguilla
13177321719,Workout,Afternoon Pickleball,0.0,4395,4395,0.0,2024-12-23 20:08:55+00:00,2024-12-23T16:08:55Z,[],,152.1,186.0,0.0,0.0,0.0,0.0,,,,(GMT-04:00) America/Anguilla
13174183353,WeightTraining,Morning Weight Training,0.0,3088,3088,0.0,2024-12-23 12:01:40+00:00,2024-12-23T08:01:40Z,[],,126.0,168.0,0.0,0.0,0.0,0.0,,,,(GMT-04:00) America/Anguilla
13163699238,WeightTraining,Morning Weight Training,0.0,3093,3093,0.0,2024-12-21 14:26:13+00:00,2024-12-21T10:26:13Z,[],,118.9,148.0,0.0,0.0,0.0,0.0,,,,(GMT-04:00) America/Anguilla
13151891431,Workout,Afternoon Pickleball,0.0,3756,3756,0.0,2024-12-19 20:40:26+00:00,2024-12-19T16:40:26Z,[],,148.3,177.0,0.0,0.0,0.0,0.0,,,,(GMT-04:00) America/Anguilla
13149581805,WeightTraining,Lunch Weight Training,0.0,3156,3156,0.0,2024-12-19 15:36:21+00:00,2024-12-19T11:36:21Z,[],,120.2,160.0,0.0,0.0,0.0,0.0,,,,(GMT-04:00) America/Anguilla
13137882535,Workout,Afternoon Pickleball,0.0,3224,3224,0.0,2024-12-17 20:38:23+00:00,2024-12-17T16:38:23Z,[],,147.2,179.0,0.0,0.0,0.0,0.0,,,,(GMT-04:00) America/Anguilla
13137882549,Workout,Afternoon Pickleball,0.0,4107,4107,0.0,2024-12-16 20:11:44+00:00,2024-12-16T16:11:44Z,[],,150.1,184.0,0.0,0.0,0.0,0.0,,,,(GMT-04:00) America/Anguilla
13128420560,WeightTraining,Lunch Weight Training,0.0,2406,2406,0.0,2024-12-16 15:48:07+00:00,2024-12-16T11:48:07Z,[],,129.9,160.0,0.0,0.0,0.0,0.0,,,,(GMT-04:00) America/Anguilla
13128716825,Walk,Lunch Walk,737.2,477,611,0.0,2024-12-16 15:37:41+00:00,2024-12-16T11:37:41Z,"[17.159154, -62.625149]",,108.6,126.0,4.8,0.0,1.545,4.55,,,,(GMT-04:00) America/St_Kitts
13128716801,WeightTraining,Morning Weight Training,0.0,2920,2920,0.0,2024-12-14 14:15:06+00:00,2024-12-14T10:15:06Z,[],,114.9,144.0,0.0,0.0,0.0,0.0,,,,(GMT-04:00) America/Anguilla
13102863078,Workout,Afternoon Pickleball,0.0,3639,3639,0.0,2024-12-12 20:29:15+00:00,2024-12-12T16:29:15Z,[],,147.8,183.0,0.0,0.0,0.0,0.0,,,,(GMT-04:00) America/Anguilla
13102863197,WeightTraining,Lunch Weight Training,0.0,3013,3013,0.0,2024-12-12 15:59:58+00:00,2024-12-12T11:59:58Z,[],,120.6,159.0,0.0,0.0,0.0,0.0,,,,(GMT-04:00) America/Anguilla
13062982510,WeightTraining,Morning Weight Training,0.0,2963,2963,0.0,2024-12-06 07:12:02+00:00,2024-12-06T07:12:02Z,[],,113.4,136.0,0.0,0.0,0.0,0.0,,,,(GMT+00:00) Africa/Abidjan
13035536599,WeightTraining,Morning Weight Training,0.0,3135,3135,0.0,2024-12-03 06:56:52+00:00,2024-12-03T06:56:52Z,[],,115.4,164.0,0.0,0.0,0.0,0.0,,,,(GMT+00:00) Africa/Abidjan
13028646053,WeightTraining,Morning Weight Training,0.0,3079,3079,0.0,2024-12-02 07:40:22+00:00,2024-12-02T07:40:22Z,[],,132.9,186.0,0.0,0.0,0.0,0.0,,,,(GMT+00:00) Africa/Abidjan
13028973440,WeightTraining,Morning Weight Training,0.0,2867,2867,0.0,2024-11-30 08:19:32+00:00,2024-11-30T08:19:32Z,[],,122.0,182.0,0.0,0.0,0.0,0.0,,,,(GMT+00:00) Africa/Abidjan
13004044423,WeightTraining,Morning Weight Training,0.0,2862,2862,0.0,2024-11-28 06:00:49+00:00,2024-11-28T06:00:49Z,[],,135.9,181.0,0.0,0.0,0.0,0.0,,,,(GMT+00:00) Africa/Abidjan
12985382033,WeightTraining,Morning Weight Training,0.0,3753,3753,0.0,2024-11-26 07:30:50+00:00,2024-11-26T07:30:50Z,[],,137.9,175.0,0.0,0.0,0.0,0.0,,,,(GMT+00:00) Africa/Abidjan
12981138897,WeightTraining,Morning Weight Training,0.0,2692,2692,0.0,2024-11-25 07:01:03+00:00,2024-11-25T07:01:03Z,[],,131.6,184.0,0.0,0.0,0.0,0.0,,,,(GMT+00:00) Africa/Abidjan
12971543955,Workout,Morning Workout,0.0,928,928,0.0,2024-11-24 10:59:03+00:00,2024-11-24T10:59:03Z,[],,145.4,178.0,0.0,0.0,0.0,0.0,,,,(GMT+00:00) Africa/Abidjan
12971543952,Run,Morning Run,4726.2,1888,1895,0.0,2024-11-24 10:27:17+00:00,2024-11-24T10:27:17Z,[],,168.9,179.0,0.0,0.0,2.503,3.04,,,,(GMT+00:00) Africa/Abidjan
12963025033,WeightTraining,Morning Weight Training,0.0,3258,3258,0.0,2024-11-23 08:25:14+00:00,2024-11-23T08:25:14Z,[],,122.2,167.0,0.0,0.0,0.0,0.0,,,,(GMT+00:00) Africa/Abidjan
12949248105,WeightTraining,Morning Weight Training,0.0,2785,2785,0.0,2024-11-21 05:59:12+00:00,2024-11-21T05:59:12Z,[],,130.0,188.0,0.0,0.0,0.0,0.0,,,,(GMT+00:00) Africa/Abidjan
12934639956,WeightTraining,Morning Weight Training,0.0,3207,3207,0.0,2024-11-19 07:32:57+00:00,2024-11-19T07:32:57Z,[],,122.8,169.0,0.0,0.0,0.0,0.0,,,,(GMT+00:00) Africa/Abidjan
12927272754,WeightTraining,Morning Weight Training,0.0,3675,3675,0.0,2024-11-18 07:30:46+00:00,2024-11-18T07:30:46Z,[],,124.2,181.0,0.0,0.0,0.0,0.0,,,,(GMT+00:00) Africa/Abidjan
12925511037,WeightTraining,Morning Weight Training,0.0,3391,3391,0.0,2024-11-17 08:29:22+00:00,2024-11-17T08:29:22Z,[],,113.5,156.0,0.0,0.0,0.0,0.0,,,,(GMT+00:00) Africa/Abidjan
12896721902,WeightTraining,Morning Weight Training,0.0,2782,2782,0.0,2024-11-14 05:58:36+00:00,2024-11-14T05:58:36Z,[],,118.8,149.0,0.0,0.0,0.0,0.0,,,,(GMT+00:00) Africa/Abidjan
12890998532,WeightTraining,Morning Weight Training,0.0,3070,3070,0.0,2024-11-12 07:27:09+00:00,2024-11-12T07:27:09Z,[],,132.2,175.0,0.0,0.0,0.0,0.0,,,,(GMT+00:00) Africa/Abidjan
12873433290,WeightTraining,Morning Weight Training,0.0,3225,3225,0.0,2024-11-11 07:40:16+00:00,2024-11-11T07:40:16Z,[],,123.7,175.0,0.0,0.0,0.0,0.0,,,,(GMT+00:00) Africa/Abidjan
12873108943,Run,Nike Run Club: Sunday Morning Run,7509.9,2820,2833,89.0,2024-11-10 09:46:13+00:00,2024-11-10T09:46:13Z,"[51.67635, -0.60737]",,169.4,192.0,176.2,96.8,2.663,3.78,,,,(GMT+00:00) Europe/London
12858226367,WeightTraining,Morning Weight Training,0.0,2941,2941,0.0,2024-11-09 10:06:08+00:00,2024-11-09T10:06:08Z,[],,111.0,150.0,0.0,0.0,0.0,0.0,,,,(GMT+00:00) Africa/Abidjan
12847834363,WeightTraining,Morning Weight Training,0.0,2770,2770,0.0,2024-11-07 06:00:13+00:00,2024-11-07T06:00:13Z,[],,121.1,157.0,0.0,0.0,0.0,0.0,,,,(GMT+00:00) Africa/Abidjan
12826556831,WeightTraining,Morning Weight Training,0.0,3410,3410,0.0,2024-11-05 07:28:29+00:00,2024-11-05T07:28:29Z,[],,130.1,168.0,0.0,0.0,0.0,0.0,,,,(GMT+00:00) Africa/Abidjan
12826770516,WeightTraining,Morning Weight Training,0.0,2004,2004,0.0,2024-11-04 08:03:23+00:00,2024-11-04T08:03:23Z,[],,127.1,169.0,0.0,0.0,0.0,0.0,,,,(GMT+00:00) Africa/Abidjan
12813567412,Run,Nike Run Club: Sunday Afternoon Run,5021.6,1828,1832,29.0,2024-11-03 13:41:42+00:00,2024-11-03T13:41:42Z,"[51.676123, -0.607438]",,163.4,190.0,172.4,146.6,2.747,4.52,,,,(GMT+00:00) Europe/London
12802628079,WeightTraining,Morning Weight Training,0.0,2940,2940,0.0,2024-11-02 09:04:29+00:00,2024-11-02T09:04:29Z,[],,114.9,147.0,0.0,0.0,0.0,0.0,,,,(GMT+00:00) Africa/Abidjan
12826770657,WeightTraining,Morning Weight Training,0.0,2779,2779,0.0,2024-10-31 06:00:13+00:00,2024-10-31T06:00:13Z,[],,120.1,151.0,0.0,0.0,0.0,0.0,,,,(GMT+00:00) Africa/Abidjan
12771104832,WeightTraining,Morning Weight Training,0.0,4090,4090,0.0,2024-10-29 07:25:51+00:00,2024-10-29T07:25:51Z,[],,129.2,175.0,0.0,0.0,0.0,0.0,,,,(GMT+00:00) Africa/Abidjan
12763224042,WeightTraining,Morning Weight Training,0.0,3555,3555,0.0,2024-10-28 07:34:59+00:00,2024-10-28T07:34:59Z,[],,132.4,172.0,0.0,0.0,0.0,0.0,,,,(GMT+00:00) Africa/Abidjan
12755480317,Run,Nike Run Club: Sunday Morning Run,7516.2,2621,2625,24.0,2024-10-27 09:37:54+00:00,2024-10-27T09:37:54Z,"[51.6756188403815, -0.6076596491038799]",,169.1,181.0,170.4,135.8,2.868,4.112,,,,(GMT+00:00) Europe/London
12746248950,WeightTraining,Morning Weight Training,0.0,3403,3403,0.0,2024-10-26 07:00:23+00:00,2024-10-26T08:00:23Z,[],,108.1,152.0,0.0,0.0,0.0,0.0,,,,(GMT+01:00) Africa/Algiers
12730976083,WeightTraining,Morning Weight Training,0.0,2845,2845,0.0,2024-10-24 04:58:57+00:00,2024-10-24T05:58:57Z,[],,129.3,163.0,0.0,0.0,0.0,0.0,,,,(GMT+01:00) Africa/Algiers
12714579419,WeightTraining,Morning Weight Training,0.0,3808,3808,0.0,2024-10-22 06:28:36+00:00,2024-10-22T07:28:36Z,[],,134.9,187.0,0.0,0.0,0.0,0.0,,,,(GMT+01:00) Africa/Algiers
12714579425,WeightTraining,Morning Weight Training,0.0,3538,3538,0.0,2024-10-21 06:33:53+00:00,2024-10-21T07:33:53Z,[],,128.2,166.0,0.0,0.0,0.0,0.0,,,,(GMT+01:00) Africa/Algiers
12695930224,WeightTraining,Morning Weight Training,0.0,3457,3457,0.0,2024-10-19 08:21:29+00:00,2024-10-19T09:21:29Z,[],,112.3,147.0,0.0,0.0,0.0,0.0,,,,(GMT+01:00) Africa/Algiers
12674819331,WeightTraining,Morning Weight Training,0.0,2809,2809,0.0,2024-10-17 04:59:48+00:00,2024-10-17T05:59:48Z,[],,131.9,158.0,0.0,0.0,0.0,0.0,,,,(GMT+01:00) Africa/Algiers
12663438652,WeightTraining,Morning Weight Training,0.0,3377,3377,0.0,2024-10-15 06:36:58+00:00,2024-10-15T07:36:58Z,[],,147.0,193.0,0.0,0.0,0.0,0.0,,,,(GMT+01:00) Africa/Algiers
12651118509,WeightTraining,Morning Weight Training,0.0,3364,3364,0.0,2024-10-14 06:38:43+00:00,2024-10-14T07:38:43Z,[],,133.8,193.0,0.0,0.0,0.0,0.0,,,,(GMT+01:00) Africa/Algiers
12619006787,WeightTraining,Morning Weight Training,0.0,2708,2708,0.0,2024-10-10 05:00:43+00:00,2024-10-10T06:00:43Z,[],,127.2,170.0,0.0,0.0,0.0,0.0,,,,(GMT+01:00) Africa/Algiers
12826770926,WeightTraining,Morning Weight Training,0.0,3321,3321,0.0,2024-10-08 06:21:27+00:00,2024-10-08T07:21:27Z,[],,143.8,193.0,0.0,0.0,0.0,0.0,,,,(GMT+01:00) Africa/Algiers
12826770833,WeightTraining,Morning Weight Training,0.0,3554,3554,0.0,2024-10-07 06:36:11+00:00,2024-10-07T07:36:11Z,[],,138.7,191.0,0.0,0.0,0.0,0.0,,,,(GMT+01:00) Africa/Algiers
12587143845,WeightTraining,Morning Weight Training,0.0,3698,3698,0.0,2024-10-06 07:23:53+00:00,2024-10-06T08:23:53Z,[],,127.3,195.0,0.0,0.0,0.0,0.0,,,,(GMT+01:00) Africa/Algiers
12587143847,WeightTraining,Morning Weight Training,0.0,2827,2827,0.0,2024-09-26 05:00:16+00:00,2024-09-26T06:00:16Z,[],,115.7,149.0,0.0,0.0,0.0,0.0,,,,(GMT+01:00) Africa/Algiers
12489459514,WeightTraining,Morning Weight Training,0.0,3435,3435,0.0,2024-09-24 05:57:37+00:00,2024-09-24T06:57:37Z,[],,122.5,169.0,0.0,0.0,0.0,0.0,,,,(GMT+01:00) Africa/Algiers
12486713050,WeightTraining,Morning Weight Training,0.0,3767,3767,0.0,2024-09-23 06:38:58+00:00,2024-09-23T07:38:58Z,[],,114.7,162.0,0.0,0.0,0.0,0.0,,,,(GMT+01:00) Africa/Algiers
12464479327,WeightTraining,Morning Weight Training,0.0,3114,3114,0.0,2024-09-21 07:35:37+00:00,2024-09-21T08:35:37Z,[],,125.7,182.0,0.0,0.0,0.0,0.0,,,,(GMT+01:00) Africa/Algiers
12447602504,WeightTraining,Morning Weight Training,0.0,2787,2787,0.0,2024-09-19 04:59:26+00:00,2024-09-19T05:59:26Z,[],,111.6,150.0,0.0,0.0,0.0,0.0,,,,(GMT+01:00) Africa/Algiers
12430416776,WeightTraining,Morning Weight Training,0.0,3527,3527,0.0,2024-09-17 06:19:08+00:00,2024-09-17T07:19:08Z,[],,135.2,190.0,0.0,0.0,0.0,0.0,,,,(GMT+01:00) Africa/Algiers
12159643422,WeightTraining,Morning Weight Training,0.0,3601,3601,0.0,2024-08-16 05:02:25+00:00,2024-08-16T06:02:25Z,[],,119.4,156.0,0.0,0.0,0.0,0.0,,,,(GMT+01:00) Africa/Algiers
12150985355,WeightTraining,Morning Weight Training,0.0,4587,4587,0.0,2024-08-15 04:56:11+00:00,2024-08-15T05:56:11Z,[],,128.4,172.0,0.0,0.0,0.0,0.0,,,,(GMT+01:00) Africa/Algiers
12140194311,WeightTraining,Morning Weight Training,0.0,2877,2877,0.0,2024-08-13 05:55:19+00:00,2024-08-13T06:55:19Z,[],,110.4,161.0,0.0,0.0,0.0,0.0,,,,(GMT+01:00) Africa/Algiers
12092077423,WeightTraining,Morning Weight Training,0.0,2863,2863,0.0,2024-08-08 04:56:51+00:00,2024-08-08T05:56:51Z,[],,106.5,147.0,0.0,0.0,0.0,0.0,,,,(GMT+01:00) Africa/Algiers
12083582510,WeightTraining,Morning Weight Training,0.0,2862,2862,0.0,2024-08-07 05:54:14+00:00,2024-08-07T06:54:14Z,[],,112.6,138.0,0.0,0.0,0.0,0.0,,,,(GMT+01:00) Africa/Algiers
12079078234,WeightTraining,Morning Weight Training,0.0,3025,3025,0.0,2024-08-06 06:26:25+00:00,2024-08-06T07:26:25Z,[],,128.3,171.0,0.0,0.0,0.0,0.0,,,,(GMT+01:00) Africa/Algiers
12066332917,WeightTraining,Morning Weight Training,0.0,3349,3349,0.0,2024-08-05 05:53:14+00:00,2024-08-05T06:53:14Z,[],,132.9,185.0,0.0,0.0,0.0,0.0,,,,(GMT+01:00) Africa/Algiers
12049999931,WeightTraining,Morning Weight Training,0.0,3526,3526,0.0,2024-08-03 08:17:35+00:00,2024-08-03T09:17:35Z,[],,115.2,166.0,0.0,0.0,0.0,0.0,,,,(GMT+01:00) Africa/Algiers
12028763934,WeightTraining,Afternoon Weight Training,0.0,2850,2850,0.0,2024-07-31 15:52:26+00:00,2024-07-31T16:52:26Z,[],,135.8,174.0,0.0,0.0,0.0,0.0,,,,(GMT+01:00) Africa/Algiers
12015942282,WeightTraining,Morning Weight Training,0.0,2755,2755,0.0,2024-07-30 06:02:15+00:00,2024-07-30T07:02:15Z,[],,124.3,158.0,0.0,0.0,0.0,0.0,,,,(GMT+01:00) Africa/Algiers
12007756222,WeightTraining,Morning Weight Training,0.0,2989,2989,0.0,2024-07-29 06:17:49+00:00,2024-07-29T07:17:49Z,[],,126.0,164.0,0.0,0.0,0.0,0.0,,,,(GMT+01:00) Africa/Algiers
12000697742,Run,Nike Run Club: Sunday Morning Run,5021.0,1821,1825,32.0,2024-07-28 09:52:47+00:00,2024-07-28T10:52:47Z,"[51.67624262161553, -0.6075361836701632]",,172.5,190.0,171.6,154.8,2.757,4.342,,,,(GMT+00:00) Europe/London
11991441476,WeightTraining,Morning Weight Training,0.0,4050,4050,0.0,2024-07-27 07:18:36+00:00,2024-07-27T08:18:36Z,[],,120.9,160.0,0.0,0.0,0.0,0.0,,,,(GMT+01:00) Africa/Algiers
11987154978,WeightTraining,Afternoon Weight Training,0.0,3144,3144,0.0,2024-07-26 15:33:02+00:00,2024-07-26T16:33:02Z,[],,124.1,164.0,0.0,0.0,0.0,0.0,,,,(GMT+01:00) Africa/Algiers
11974788592,WeightTraining,Morning Weight Training,0.0,2841,2841,0.0,2024-07-25 04:58:36+00:00,2024-07-25T05:58:36Z,[],,117.7,156.0,0.0,0.0,0.0,0.0,,,,(GMT+01:00) Africa/Algiers
11988178130,WeightTraining,Morning Weight Training,0.0,3324,3324,0.0,2024-07-23 06:22:50+00:00,2024-07-23T07:22:50Z,[],,135.7,177.0,0.0,0.0,0.0,0.0,,,,(GMT+01:00) Africa/Algiers
11950116857,WeightTraining,Morning Weight Training,0.0,3429,3429,0.0,2024-07-22 06:33:43+00:00,2024-07-22T07:33:43Z,[],,139.8,189.0,0.0,0.0,0.0,0.0,,,,(GMT+01:00) Africa/Algiers
11932948413,WeightTraining,Morning Weight Training,0.0,4217,4217,0.0,2024-07-20 07:10:23+00:00,2024-07-20T08:10:23Z,[],,121.3,169.0,0.0,0.0,0.0,0.0,,,,(GMT+01:00) Africa/Algiers
11916305691,WeightTraining,Morning Weight Training,0.0,2899,2899,0.0,2024-07-18 04:58:46+00:00,2024-07-18T05:58:46Z,[],,117.9,154.0,0.0,0.0,0.0,0.0,,,,(GMT+01:00) Africa/Algiers
11899499457,WeightTraining,Morning Weight Training,0.0,3189,3189,0.0,2024-07-16 06:39:11+00:00,2024-07-16T07:39:11Z,[],,130.2,179.0,0.0,0.0,0.0,0.0,,,,(GMT+01:00) Africa/Algiers
11859544778,WeightTraining,Morning Weight Training,0.0,2653,2653,0.0,2024-07-11 05:01:15+00:00,2024-07-11T06:01:15Z,[],,121.3,159.0,0.0,0.0,0.0,0.0,,,,(GMT+01:00) Africa/Algiers
11859544773,WeightTraining,Morning Weight Training,0.0,3714,3714,0.0,2024-07-09 06:14:39+00:00,2024-07-09T07:14:39Z,[],,129.9,182.0,0.0,0.0,0.0,0.0,,,,(GMT+01:00) Africa/Algiers
11835412648,WeightTraining,Morning Weight Training,0.0,3796,3796,0.0,2024-07-08 06:31:00+00:00,2024-07-08T07:31:00Z,[],,131.2,175.0,0.0,0.0,0.0,0.0,,,,(GMT+01:00) Africa/Algiers
11827301495,WeightTraining,Morning Weight Training,0.0,3430,3430,0.0,2024-07-07 07:27:31+00:00,2024-07-07T08:27:31Z,[],,125.6,165.0,0.0,0.0,0.0,0.0,,,,(GMT+01:00) Africa/Algiers
11803827480,WeightTraining,Morning Weight Training,0.0,2787,2787,0.0,2024-07-04 04:57:30+00:00,2024-07-04T05:57:30Z,[],,109.6,147.0,0.0,0.0,0.0,0.0,,,,(GMT+01:00) Africa/Algiers
11787793689,WeightTraining,Morning Weight Training,0.0,3925,3925,0.0,2024-07-02 06:12:40+00:00,2024-07-02T07:12:40Z,[],,138.1,186.0,0.0,0.0,0.0,0.0,,,,(GMT+01:00) Africa/Algiers
11780099378,WeightTraining,Morning Weight Training,0.0,3386,3386,0.0,2024-07-01 06:34:21+00:00,2024-07-01T07:34:21Z,[],,136.5,187.0,0.0,0.0,0.0,0.0,,,,(GMT+01:00) Africa/Algiers
11766147114,WeightTraining,Morning Weight Training,0.0,3977,3977,0.0,2024-06-29 07:29:21+00:00,2024-06-29T08:29:21Z,[],,122.7,163.0,0.0,0.0,0.0,0.0,,,,(GMT+01:00) Africa/Algiers
11757607365,WeightTraining,Morning Weight Training,0.0,3136,3136,0.0,2024-06-28 06:24:49+00:00,2024-06-28T07:24:49Z,[],,129.2,165.0,0.0,0.0,0.0,0.0,,,,(GMT+01:00) Africa/Algiers
11733469266,WeightTraining,Morning Weight Training,0.0,3600,3600,0.0,2024-06-25 06:19:24+00:00,2024-06-25T07:19:24Z,[],,131.4,183.0,0.0,0.0,0.0,0.0,,,,(GMT+01:00) Africa/Algiers
11733469260,WeightTraining,Morning Weight Training,0.0,2807,2807,0.0,2024-06-24 06:08:10+00:00,2024-06-24T07:08:10Z,[],,118.3,158.0,0.0,0.0,0.0,0.0,,,,(GMT+01:00) Africa/Algiers
11709624470,WeightTraining,Morning Weight Training,0.0,4403,4403,0.0,2024-06-22 07:00:42+00:00,2024-06-22T08:00:42Z,[],,127.3,169.0,0.0,0.0,0.0,0.0,,,,(GMT+01:00) Africa/Algiers
11686985385,WeightTraining,Morning Weight Training,0.0,3139,3139,0.0,2024-06-19 05:53:46+00:00,2024-06-19T06:53:46Z,[],,120.0,160.0,0.0,0.0,0.0,0.0,,,,(GMT+01:00) Africa/Algiers
11678616598,WeightTraining,Morning Weight Training,0.0,2761,2761,0.0,2024-06-18 05:49:01+00:00,2024-06-18T06:49:01Z,[],,129.7,166.0,0.0,0.0,0.0,0.0,,,,(GMT+01:00) Africa/Algiers
11671056042,Run,Nike Run Club: Sunday Morning Run,7514.1,2634,2668,40.0,2024-06-16 10:22:24+00:00,2024-06-16T11:22:24Z,"[51.67627447284758, -0.6076101120561361]",,173.1,191.0,171.6,152.6,2.853,4.166,,,,(GMT+00:00) Europe/London
11660575994,WeightTraining,Morning Weight Training,0.0,3415,3415,0.0,2024-06-15 07:30:18+00:00,2024-06-15T08:30:18Z,[],,132.8,195.0,0.0,0.0,0.0,0.0,,,,(GMT+01:00) Africa/Algiers
11640550731,WeightTraining,Morning Weight Training,0.0,3091,3091,0.0,2024-06-13 04:55:52+00:00,2024-06-13T05:55:52Z,[],,124.6,186.0,0.0,0.0,0.0,0.0,,,,(GMT+01:00) Africa/Algiers
11624577469,WeightTraining,Morning Weight Training,0.0,3312,3312,0.0,2024-06-11 06:13:18+00:00,2024-06-11T07:13:18Z,[],,129.8,187.0,0.0,0.0,0.0,0.0,,,,(GMT+01:00) Africa/Algiers
11617125258,WeightTraining,Morning Weight Training,0.0,3446,3446,0.0,2024-06-10 06:38:18+00:00,2024-06-10T07:38:18Z,[],,128.8,165.0,0.0,0.0,0.0,0.0,,,,(GMT+01:00) Africa/Algiers
11617125259,WeightTraining,Morning Weight Training,0.0,3128,3128,0.0,2024-06-08 07:45:43+00:00,2024-06-08T08:45:43Z,[],,125.5,160.0,0.0,0.0,0.0,0.0,,,,(GMT+01:00) Africa/Algiers
11617125256,WeightTraining,Morning Weight Training,0.0,3237,3237,0.0,2024-06-06 04:54:15+00:00,2024-06-06T05:54:15Z,[],,112.9,152.0,0.0,0.0,0.0,0.0,,,,(GMT+01:00) Africa/Algiers
11569147485,WeightTraining,Morning Weight Training,0.0,2986,2986,0.0,2024-06-04 06:27:27+00:00,2024-06-04T07:27:27Z,[],,125.9,166.0,0.0,0.0,0.0,0.0,,,,(GMT+01:00) Africa/Algiers
11566417385,WeightTraining,Morning Weight Training,0.0,3753,3753,0.0,2024-06-03 06:40:52+00:00,2024-06-03T07:40:52Z,[],,102.1,136.0,0.0,0.0,0.0,0.0,,,,(GMT+01:00) Africa/Algiers
11554028539,Run,Nike Run Club: Sunday Morning Run,9530.9,3602,3615,64.0,2024-06-02 09:09:22+00:00,2024-06-02T10:09:22Z,"[51.67518666945398, -0.6075770035386086]",,160.8,185.0,152.8,80.6,2.646,3.55,,,,(GMT+00:00) Europe/London
11554136593,WeightTraining,Morning Weight Training,0.0,3069,3069,0.0,2024-05-30 04:55:51+00:00,2024-05-30T05:55:51Z,[],,140.5,180.0,0.0,0.0,0.0,0.0,,,,(GMT+01:00) Africa/Algiers
11554136591,WeightTraining,Morning Weight Training,0.0,2963,2963,0.0,2024-05-28 05:40:26+00:00,2024-05-28T06:40:26Z,[],,118.9,152.0,0.0,0.0,0.0,0.0,,,,(GMT+01:00) Africa/Algiers
11507334819,WeightTraining,Morning Weight Training,0.0,3643,3643,0.0,2024-05-27 07:30:39+00:00,2024-05-27T08:30:39Z,[],,122.6,176.0,0.0,0.0,0.0,0.0,,,,(GMT+01:00) Africa/Algiers
11499235231,Run,Nike Run Club: Sunday Morning Run,13008.4,4904,4921,71.0,2024-05-26 06:58:24+00:00,2024-05-26T07:58:24Z,"[51.676235161721706, -0.6075949408113956]",,158.4,183.0,176.8,136.8,2.653,4.52,,,,(GMT+00:00) Europe/London
11499271345,WeightTraining,Morning Weight Training,0.0,2853,2853,0.0,2024-05-21 05:45:25+00:00,2024-05-21T06:45:25Z,[],,121.1,164.0,0.0,0.0,0.0,0.0,,,,(GMT+01:00) Africa/Algiers
11452600624,WeightTraining,Morning Weight Training,0.0,3040,3040,0.0,2024-05-20 05:56:36+00:00,2024-05-20T06:56:36Z,[],,115.6,162.0,0.0,0.0,0.0,0.0,,,,(GMT+01:00) Africa/Algiers
11452600623,WeightTraining,Morning Weight Training,0.0,2740,2740,0.0,2024-05-18 09:22:46+00:00,2024-05-18T10:22:46Z,[],,130.2,166.0,0.0,0.0,0.0,0.0,,,,(GMT+01:00) Africa/Algiers
11421744602,WeightTraining,Morning Weight Training,0.0,2805,2805,0.0,2024-05-16 04:59:16+00:00,2024-05-16T05:59:16Z,[],,104.3,137.0,0.0,0.0,0.0,0.0,,,,(GMT+01:00) Africa/Algiers
11406191588,WeightTraining,Morning Weight Training,0.0,3197,3197,0.0,2024-05-14 06:22:47+00:00,2024-05-14T07:22:47Z,[],,120.7,161.0,0.0,0.0,0.0,0.0,,,,(GMT+01:00) Africa/Algiers
11398401721,WeightTraining,Morning Weight Training,0.0,2944,2944,0.0,2024-05-13 05:59:07+00:00,2024-05-13T06:59:07Z,[],,114.6,144.0,0.0,0.0,0.0,0.0,,,,(GMT+01:00) Africa/Algiers
11382967823,Run,Nike Run Club: Saturday Morning Run,10016.1,3521,3524,100.0,2024-05-11 08:19:02+00:00,2024-05-11T09:19:02Z,"[51.675565699115396, -0.6076364312320948]",,168.9,185.0,170.2,94.8,2.845,5.618,,,,(GMT+00:00) Europe/London
11366282131,WeightTraining,Morning Weight Training,0.0,2890,2890,0.0,2024-05-09 04:58:38+00:00,2024-05-09T05:58:38Z,[],,127.9,163.0,0.0,0.0,0.0,0.0,,,,(GMT+01:00) Africa/Algiers
11350729336,WeightTraining,Morning Weight Training,0.0,3360,3360,0.0,2024-05-07 06:36:12+00:00,2024-05-07T07:36:12Z,[],,138.3,189.0,0.0,0.0,0.0,0.0,,,,(GMT+01:00) Africa/Algiers
11350729338,WeightTraining,Morning Weight Training,0.0,3990,3990,0.0,2024-05-06 06:26:27+00:00,2024-05-06T07:26:27Z,[],,107.0,135.0,0.0,0.0,0.0,0.0,,,,(GMT+01:00) Africa/Algiers
11336769632,Run,Nike Run Club: Sunday Morning Run,10016.3,3810,3822,78.0,2024-05-05 09:43:24+00:00,2024-05-05T10:43:24Z,"[51.676235580816865, -0.6076185777783394]",,162.1,185.0,158.8,87.4,2.629,4.194,,,,(GMT+00:00) Europe/London
11338573499,WeightTraining,Morning Weight Training,0.0,3535,3535,0.0,2024-05-04 08:10:58+00:00,2024-05-04T09:10:58Z,[],,129.8,171.0,0.0,0.0,0.0,0.0,,,,(GMT+01:00) Africa/Algiers
11338573469,WeightTraining,Morning Weight Training,0.0,2900,2900,0.0,2024-05-02 04:57:59+00:00,2024-05-02T05:57:59Z,[],,126.3,159.0,0.0,0.0,0.0,0.0,,,,(GMT+01:00) Africa/Algiers
11296364384,WeightTraining,Morning Weight Training,0.0,3542,3542,0.0,2024-04-30 05:37:01+00:00,2024-04-30T06:37:01Z,[],,125.6,179.0,0.0,0.0,0.0,0.0,,,,(GMT+01:00) Africa/Algiers
11288762236,WeightTraining,Morning Weight Training,0.0,3197,3197,0.0,2024-04-29 06:36:22+00:00,2024-04-29T07:36:22Z,[],,119.6,169.0,0.0,0.0,0.0,0.0,,,,(GMT+01:00) Africa/Algiers
11288762230,WeightTraining,Morning Weight Training,0.0,3349,3349,0.0,2024-04-27 07:11:36+00:00,2024-04-27T08:11:36Z,[],,131.6,178.0,0.0,0.0,0.0,0.0,,,,(GMT+01:00) Africa/Algiers
11288762225,WeightTraining,Morning Weight Training,0.0,3047,3047,0.0,2024-04-25 04:59:21+00:00,2024-04-25T05:59:21Z,[],,122.7,159.0,0.0,0.0,0.0,0.0,,,,(GMT+01:00) Africa/Algiers
11288762226,WeightTraining,Morning Weight Training,0.0,3553,3553,0.0,2024-04-23 06:18:24+00:00,2024-04-23T07:18:24Z,[],,129.9,184.0,0.0,0.0,0.0,0.0,,,,(GMT+01:00) Africa/Algiers
11236857332,WeightTraining,Morning Weight Training,0.0,3600,3600,0.0,2024-04-22 06:46:38+00:00,2024-04-22T07:46:38Z,[],,117.9,146.0,0.0,0.0,0.0,0.0,,,,(GMT+01:00) Africa/Algiers
11230986534,Run,Nike Run Club: Sunday Afternoon Run,7501.3,2604,2608,46.0,2024-04-21 11:07:06+00:00,2024-04-21T12:07:06Z,"[51.67623767629266, -0.6075637601315975]",,168.4,177.0,176.2,151.2,2.881,7.986,,,,(GMT+00:00) Europe/London
11231179696,WeightTraining,Morning Weight Training,0.0,3238,3238,0.0,2024-04-20 07:45:45+00:00,2024-04-20T08:45:45Z,[],,122.3,177.0,0.0,0.0,0.0,0.0,,,,(GMT+01:00) Africa/Algiers
11207528047,WeightTraining,Morning Weight Training,0.0,2139,2139,0.0,2024-04-18 05:16:19+00:00,2024-04-18T06:16:19Z,[],,124.0,155.0,0.0,0.0,0.0,0.0,,,,(GMT+01:00) Africa/Algiers
11192848354,WeightTraining,Morning Weight Training,0.0,3301,3301,0.0,2024-04-16 06:36:29+00:00,2024-04-16T07:36:29Z,[],,133.2,180.0,0.0,0.0,0.0,0.0,,,,(GMT+01:00) Africa/Algiers
11185883669,WeightTraining,Morning Weight Training,0.0,2891,2891,0.0,2024-04-15 06:12:08+00:00,2024-04-15T07:12:08Z,[],,121.1,177.0,0.0,0.0,0.0,0.0,,,,(GMT+01:00) Africa/Algiers
11177859099,Run,Nike Run Club: Sunday Morning Run,12137.8,4002,4006,79.0,2024-04-14 07:28:09+00:00,2024-04-14T08:28:09Z,"[51.676004910841584, -0.607601311057806]",,168.1,181.0,160.6,119.2,3.033,4.026,,,,(GMT+00:00) Europe/London
11169754842,WeightTraining,Morning Weight Training,0.0,3574,3574,0.0,2024-04-13 07:59:09+00:00,2024-04-13T08:59:09Z,[],,131.9,192.0,0.0,0.0,0.0,0.0,,,,(GMT+01:00) Africa/Algiers
11207528078,WeightTraining,Morning Weight Training,0.0,3656,3656,0.0,2024-04-11 06:28:57+00:00,2024-04-11T07:28:57Z,[],,130.9,190.0,0.0,0.0,0.0,0.0,,,,(GMT+01:00) Africa/Algiers
11139768417,WeightTraining,Morning Weight Training,0.0,3801,3801,0.0,2024-04-09 06:19:02+00:00,2024-04-09T07:19:02Z,[],,146.6,193.0,0.0,0.0,0.0,0.0,,,,(GMT+01:00) Africa/Algiers
11132394168,WeightTraining,Morning Weight Training,0.0,3085,3085,0.0,2024-04-08 06:24:13+00:00,2024-04-08T07:24:13Z,[],,130.8,189.0,0.0,0.0,0.0,0.0,,,,(GMT+01:00) Africa/Algiers
11093238557,Run,Nike Run Club: Wednesday Morning Run,9712.4,3511,3516,146.0,2024-04-02 18:41:48+00:00,2024-04-03T07:41:48Z,"[-44.72255816683173, 169.17234842665493]",,164.6,193.0,401.0,320.6,2.766,4.788,,,,(GMT+12:00) Pacific/Auckland
11058196170,Hike,Morning Hike,4934.0,4352,5857,264.8,2024-03-28 21:11:21+00:00,2024-03-29T10:11:21Z,"[-44.65090446174145, 168.95950181409717]",,116.6,158.0,563.8,325.8,1.134,1.665,,,,(GMT+12:00) Pacific/Auckland
11051976209,Hike,Morning Hike,6331.3,5073,5131,95.6,2024-03-27 21:37:04+00:00,2024-03-28T10:37:04Z,"[-44.67487704008818, 169.18618041090667]",,99.5,169.0,294.8,277.6,1.248,1.673,,,,(GMT+12:00) Pacific/Auckland
11038564330,Hike,Morning Hike,13942.3,13015,16805,1048.8,2024-03-25 19:50:17+00:00,2024-03-26T08:50:17Z,"[-44.67253656126559, 169.07161152921617]",,131.4,170.0,1363.6,323.2,1.071,2.169,,,,(GMT+12:00) Pacific/Auckland
11031550449,Run,Nike Run Club: Monday Morning Run,10008.4,3592,3592,152.0,2024-03-24 20:21:11+00:00,2024-03-25T09:21:11Z,"[-44.72237393260002, 169.17202580720186]",,165.5,186.0,396.2,313.6,2.786,3.694,,,,(GMT+12:00) Pacific/Auckland
11006088317,WeightTraining,Morning Weight Training,0.0,3374,3374,0.0,2024-03-21 07:34:50+00:00,2024-03-21T07:34:50Z,[],,129.7,183.0,0.0,0.0,0.0,0.0,,,,(GMT+00:00) Africa/Abidjan
10998450115,WeightTraining,Morning Weight Training,0.0,3039,3039,0.0,2024-03-20 06:54:26+00:00,2024-03-20T06:54:26Z,[],,133.4,184.0,0.0,0.0,0.0,0.0,,,,(GMT+00:00) Africa/Abidjan
10991030024,WeightTraining,Morning Weight Training,0.0,4137,4137,0.0,2024-03-19 07:14:26+00:00,2024-03-19T07:14:26Z,[],,125.3,184.0,0.0,0.0,0.0,0.0,,,,(GMT+00:00) Africa/Abidjan
10970531265,Run,Nike Run Club: Saturday Morning Run,10010.1,3244,3248,52.0,2024-03-16 10:39:25+00:00,2024-03-16T10:39:25Z,"[51.67651436291635, -0.607521515339613]",,176.5,186.0,172.0,155.6,3.086,3.932,,,,(GMT+00:00) Europe/London
10967501878,WeightTraining,Afternoon Weight Training,0.0,3229,3229,0.0,2024-03-15 16:51:25+00:00,2024-03-15T16:51:25Z,[],,132.0,191.0,0.0,0.0,0.0,0.0,,,,(GMT+00:00) Africa/Abidjan
10964292838,WeightTraining,Morning Weight Training,0.0,3271,3271,0.0,2024-03-13 07:52:19+00:00,2024-03-13T07:52:19Z,[],,139.1,193.0,0.0,0.0,0.0,0.0,,,,(GMT+00:00) Africa/Abidjan
10941779823,WeightTraining,Morning Weight Training,0.0,2948,2948,0.0,2024-03-12 07:28:47+00:00,2024-03-12T07:28:47Z,[],,135.4,186.0,0.0,0.0,0.0,0.0,,,,(GMT+00:00) Africa/Abidjan
10934867193,WeightTraining,Morning Weight Training,0.0,2799,2799,0.0,2024-03-11 07:00:02+00:00,2024-03-11T07:00:02Z,[],,133.2,184.0,0.0,0.0,0.0,0.0,,,,(GMT+00:00) Africa/Abidjan
10922312859,WeightTraining,Morning Weight Training,0.0,4321,4321,0.0,2024-03-09 09:48:38+00:00,2024-03-09T09:48:38Z,[],,133.1,192.0,0.0,0.0,0.0,0.0,,,,(GMT+00:00) Africa/Abidjan
10922312865,WeightTraining,Morning Weight Training,0.0,3479,3479,0.0,2024-03-07 07:35:10+00:00,2024-03-07T07:35:10Z,[],,124.4,188.0,0.0,0.0,0.0,0.0,,,,(GMT+00:00) Africa/Abidjan
10890447259,WeightTraining,Morning Weight Training,0.0,3015,3015,0.0,2024-02-27 07:25:07+00:00,2024-02-27T07:25:07Z,[],,127.8,182.0,0.0,0.0,0.0,0.0,,,,(GMT+00:00) Africa/Abidjan
10839442536,WeightTraining,Morning Weight Training,0.0,3455,3455,0.0,2024-02-26 07:36:39+00:00,2024-02-26T07:36:39Z,[],,115.7,159.0,0.0,0.0,0.0,0.0,,,,(GMT+00:00) Africa/Abidjan
10832617178,Run,Nike Run Club: Sunday Morning Run,10005.2,3404,3408,51.0,2024-02-25 09:58:46+00:00,2024-02-25T09:58:46Z,"[51.675898376852274, -0.6074951123446226]",,167.7,181.0,177.6,149.8,2.939,4.188,,,,(GMT+00:00) Europe/London
10839442424,WeightTraining,Morning Weight Training,0.0,4522,4522,0.0,2024-02-24 10:07:42+00:00,2024-02-24T10:07:42Z,[],,125.2,184.0,0.0,0.0,0.0,0.0,,,,(GMT+00:00) Africa/Abidjan
10814125697,WeightTraining,Morning Weight Training,0.0,3034,3034,0.0,2024-02-22 07:39:53+00:00,2024-02-22T07:39:53Z,[],,124.7,173.0,0.0,0.0,0.0,0.0,,,,(GMT+00:00) Africa/Abidjan
10798898461,WeightTraining,Morning Weight Training,0.0,3219,3219,0.0,2024-02-20 07:38:10+00:00,2024-02-20T07:38:10Z,[],,126.7,178.0,0.0,0.0,0.0,0.0,,,,(GMT+00:00) Africa/Abidjan
10795142083,WeightTraining,Morning Weight Training,0.0,2956,2956,0.0,2024-02-19 07:32:14+00:00,2024-02-19T07:32:14Z,[],,113.9,152.0,0.0,0.0,0.0,0.0,,,,(GMT+00:00) Africa/Abidjan
10786158888,Run,Nike Run Club: Sunday Morning Run,21109.0,7891,7894,183.0,2024-02-18 09:33:47+00:00,2024-02-18T09:33:47Z,"[51.67589921504259, -0.6074920948594809]",,156.9,180.0,175.6,92.6,2.675,4.474,,,,(GMT+00:00) Europe/London
10780309317,WeightTraining,Afternoon Weight Training,0.0,2876,2876,0.0,2024-02-16 17:23:01+00:00,2024-02-16T17:23:01Z,[],,116.8,181.0,0.0,0.0,0.0,0.0,,,,(GMT+00:00) Africa/Abidjan
10780309458,WeightTraining,Morning Weight Training,0.0,2824,2824,0.0,2024-02-15 07:45:04+00:00,2024-02-15T07:45:04Z,[],,128.0,154.0,0.0,0.0,0.0,0.0,,,,(GMT+00:00) Africa/Abidjan
10780309437,Workout,Morning Workout,0.0,1498,1498,0.0,2024-02-15 07:20:05+00:00,2024-02-15T07:20:05Z,[],,132.4,142.0,0.0,0.0,0.0,0.0,,,,(GMT+00:00) Africa/Abidjan
10752964423,WeightTraining,Morning Weight Training,0.0,3469,3469,0.0,2024-02-13 07:21:07+00:00,2024-02-13T07:21:07Z,[],,135.2,181.0,0.0,0.0,0.0,0.0,,,,(GMT+00:00) Africa/Abidjan
10745331296,WeightTraining,Morning Weight Training,0.0,3841,3841,0.0,2024-02-12 07:27:39+00:00,2024-02-12T07:27:39Z,[],,123.8,176.0,0.0,0.0,0.0,0.0,,,,(GMT+00:00) Africa/Abidjan
10738456549,Run,Nike Run Club: Sunday Morning Run,5015.0,1469,1472,25.0,2024-02-11 08:37:46+00:00,2024-02-11T08:37:46Z,"[51.68185003101826, -0.6099329050630331]",,179.8,191.0,172.6,161.0,3.414,4.53,,,,(GMT+00:00) Europe/London
10738346433,Run,Nike Run Club: Sunday Morning Run,603.2,217,222,10.0,2024-02-11 08:33:39+00:00,2024-02-11T08:33:39Z,"[51.676308335736394, -0.6075007282197475]",,144.9,166.0,166.8,154.8,2.78,3.25,,,,(GMT+00:00) Europe/London
10734091744,WeightTraining,Morning Weight Training,0.0,2757,2757,0.0,2024-02-10 10:21:12+00:00,2024-02-10T10:21:12Z,[],,120.5,161.0,0.0,0.0,0.0,0.0,,,,(GMT+00:00) Africa/Abidjan
10719720805,WeightTraining,Morning Weight Training,0.0,2660,2660,0.0,2024-02-08 06:59:13+00:00,2024-02-08T06:59:13Z,[],,123.0,156.0,0.0,0.0,0.0,0.0,,,,(GMT+00:00) Africa/Abidjan
10707896076,WeightTraining,Morning Weight Training,0.0,2561,2561,0.0,2024-02-06 06:48:38+00:00,2024-02-06T06:48:38Z,[],,117.1,160.0,0.0,0.0,0.0,0.0,,,,(GMT+00:00) Africa/Abidjan
10699471556,WeightTraining,Morning Weight Training,0.0,3717,3717,0.0,2024-02-05 07:27:56+00:00,2024-02-05T07:27:56Z,[],,118.5,172.0,0.0,0.0,0.0,0.0,,,,(GMT+00:00) Africa/Abidjan
10694104698,Run,Nike Run Club: Sunday Morning Run,15008.2,5639,5645,95.0,2024-02-04 10:50:36+00:00,2024-02-04T10:50:36Z,"[51.67615620419383, -0.6076020654290915]",,157.8,176.0,170.4,92.0,2.662,3.798,,,,(GMT+00:00) Europe/London
10682068654,WeightTraining,Afternoon Weight Training,0.0,3794,3794,0.0,2024-02-02 16:36:28+00:00,2024-02-02T16:36:28Z,[],,116.5,180.0,0.0,0.0,0.0,0.0,,,,(GMT+00:00) Africa/Abidjan
10672240763,WeightTraining,Morning Weight Training,0.0,2825,2825,0.0,2024-02-01 06:00:11+00:00,2024-02-01T06:00:11Z,[],,105.4,142.0,0.0,0.0,0.0,0.0,,,,(GMT+00:00) Africa/Abidjan
10658608620,WeightTraining,Morning Weight Training,0.0,2798,2798,0.0,2024-01-30 07:45:13+00:00,2024-01-30T07:45:13Z,[],,119.3,157.0,0.0,0.0,0.0,0.0,,,,(GMT+00:00) Africa/Abidjan
10658608618,Workout,Morning Workout,0.0,1142,1142,0.0,2024-01-30 07:26:09+00:00,2024-01-30T07:26:09Z,[],,129.6,145.0,0.0,0.0,0.0,0.0,,,,(GMT+00:00) Africa/Abidjan
10651924357,WeightTraining,Morning Weight Training,0.0,3336,3336,0.0,2024-01-29 07:25:19+00:00,2024-01-29T07:25:19Z,[],,125.0,182.0,0.0,0.0,0.0,0.0,,,,(GMT+00:00) Africa/Abidjan
10646795011,Run,Nike Run Club: Sunday Morning Run,12003.5,4332,4336,135.0,2024-01-28 11:56:47+00:00,2024-01-28T11:56:47Z,"[51.67603340931237, -0.6075976230204105]",,167.7,191.0,177.6,97.4,2.771,4.526,,,,(GMT+00:00) Europe/London
10646031071,WeightTraining,Morning Weight Training,0.0,2959,2959,0.0,2024-01-27 09:20:52+00:00,2024-01-27T09:20:52Z,[],,121.1,156.0,0.0,0.0,0.0,0.0,,,,(GMT+00:00) Africa/Abidjan
10624919703,WeightTraining,Morning Weight Training,0.0,2666,2666,0.0,2024-01-25 06:01:37+00:00,2024-01-25T06:01:37Z,[],,126.7,159.0,0.0,0.0,0.0,0.0,,,,(GMT+00:00) Africa/Abidjan
10617917926,WeightTraining,Morning Weight Training,0.0,2946,2946,0.0,2024-01-23 07:10:23+00:00,2024-01-23T07:10:23Z,[],,135.1,186.0,0.0,0.0,0.0,0.0,,,,(GMT+00:00) Africa/Abidjan
10605772508,WeightTraining,Morning Weight Training,0.0,3093,3093,0.0,2024-01-22 07:38:55+00:00,2024-01-22T07:38:55Z,[],,113.4,166.0,0.0,0.0,0.0,0.0,,,,(GMT+00:00) Africa/Abidjan
10602454444,Run,Nike Run Club: Sunday Afternoon Run,12510.3,4827,4831,21.0,2024-01-21 14:43:12+00:00,2024-01-21T14:43:12Z,"[51.675785137340426, -0.6075133010745049]",,159.0,176.0,170.0,121.6,2.592,3.94,,,,(GMT+00:00) Europe/London
10580629563,WeightTraining,Morning Weight Training,0.0,2913,2913,0.0,2024-01-18 07:41:41+00:00,2024-01-18T07:41:41Z,[],,126.8,182.0,0.0,0.0,0.0,0.0,,,,(GMT+00:00) Africa/Abidjan
10617917890,Workout,Morning Workout,0.0,1500,1500,0.0,2024-01-16 08:00:55+00:00,2024-01-16T08:00:55Z,[],,132.7,139.0,0.0,0.0,0.0,0.0,,,,(GMT+00:00) Africa/Abidjan
10617917864,WeightTraining,Morning Weight Training,0.0,2716,2716,0.0,2024-01-16 07:15:36+00:00,2024-01-16T07:15:36Z,[],,113.5,161.0,0.0,0.0,0.0,0.0,,,,(GMT+00:00) Africa/Abidjan
10561612970,WeightTraining,Morning Weight Training,0.0,3122,3122,0.0,2024-01-15 07:39:44+00:00,2024-01-15T07:39:44Z,[],,120.9,178.0,0.0,0.0,0.0,0.0,,,,(GMT+00:00) Africa/Abidjan
10556796587,Run,Nike Run Club: Sunday Morning Run,10015.6,3536,3539,52.0,2024-01-14 10:48:12+00:00,2024-01-14T10:48:12Z,"[51.67612041346729, -0.6076088547706604]",,168.7,184.0,162.6,123.6,2.832,4.028,,,,(GMT+00:00) Europe/London
10549191615,Workout,Lunch Workout,0.0,904,904,0.0,2024-01-13 11:32:16+00:00,2024-01-13T11:32:16Z,[],,156.0,186.0,0.0,0.0,0.0,0.0,,,,(GMT+00:00) Africa/Abidjan
10549062829,WeightTraining,Morning Weight Training,0.0,2971,2971,0.0,2024-01-13 10:42:41+00:00,2024-01-13T10:42:41Z,[],,113.0,151.0,0.0,0.0,0.0,0.0,,,,(GMT+00:00) Africa/Abidjan
10535923738,WeightTraining,Morning Weight Training,0.0,3122,3122,0.0,2024-01-11 07:42:25+00:00,2024-01-11T07:42:25Z,[],,127.2,172.0,0.0,0.0,0.0,0.0,,,,(GMT+00:00) Africa/Abidjan
10522671418,Workout,Morning Workout,0.0,1801,1801,0.0,2024-01-09 07:49:04+00:00,2024-01-09T07:49:04Z,[],,127.6,138.0,0.0,0.0,0.0,0.0,,,,(GMT+00:00) Africa/Abidjan
10522541449,WeightTraining,Morning Weight Training,0.0,2996,2996,0.0,2024-01-09 06:59:05+00:00,2024-01-09T06:59:05Z,[],,120.1,147.0,0.0,0.0,0.0,0.0,,,,(GMT+00:00) Africa/Abidjan
10516353733,Workout,Morning Workout,0.0,1801,1801,0.0,2024-01-08 07:51:00+00:00,2024-01-08T07:51:00Z,[],,124.3,135.0,0.0,0.0,0.0,0.0,,,,(GMT+00:00) Africa/Abidjan
10516257926,WeightTraining,Morning Weight Training,0.0,2974,2974,0.0,2024-01-08 07:01:23+00:00,2024-01-08T07:01:23Z,[],,103.5,138.0,0.0,0.0,0.0,0.0,,,,(GMT+00:00) Africa/Abidjan
10499597114,Workout,Lunch Pickleball,0.0,3897,3897,0.0,2024-01-05 15:00:04+00:00,2024-01-05T11:00:04Z,[],,141.2,164.0,0.0,0.0,0.0,0.0,,,,(GMT-04:00) America/Anguilla
10499597111,Workout,Afternoon Pickleball,0.0,4467,4467,0.0,2024-01-04 20:27:09+00:00,2024-01-04T16:27:09Z,[],,143.6,174.0,0.0,0.0,0.0,0.0,,,,(GMT-04:00) America/Anguilla
10485502814,Workout,Morning Pickleball,0.0,3620,3620,0.0,2024-01-03 12:05:14+00:00,2024-01-03T08:05:14Z,[],,137.2,188.0,0.0,0.0,0.0,0.0,,,,(GMT-04:00) America/Anguilla
10479105073,Workout,Morning Pickleball,0.0,4038,4038,0.0,2024-01-02 12:03:25+00:00,2024-01-02T08:03:25Z,[],,136.9,170.0,0.0,0.0,0.0,0.0,,,,(GMT-04:00) America/Anguilla
10470316529,Workout,Afternoon Pickleball,0.0,3675,3675,0.0,2023-12-31 19:01:37+00:00,2023-12-31T15:01:37Z,[],,139.5,163.0,0.0,0.0,0.0,0.0,,,,(GMT-04:00) America/Anguilla
10468147846,Workout,Morning Pickleball,0.0,3079,3079,0.0,2023-12-31 12:08:29+00:00,2023-12-31T08:08:29Z,[],,146.8,178.0,0.0,0.0,0.0,0.0,,,,(GMT-04:00) America/Anguilla
10462109905,WeightTraining,Morning Weight Training,0.0,1898,1898,0.0,2023-12-30 12:07:33+00:00,2023-12-30T08:07:33Z,[],,86.9,109.0,0.0,0.0,0.0,0.0,,,,(GMT-04:00) America/Anguilla
10456434683,Workout,Morning Pickleball,0.0,3284,3284,0.0,2023-12-29 13:01:23+00:00,2023-12-29T09:01:23Z,[],,151.1,184.0,0.0,0.0,0.0,0.0,,,,(GMT-04:00) America/Anguilla
10455291452,Run,Nike Run Club: Friday Morning Run (Part 2),2519.2,871,874,15.0,2023-12-29 10:59:44+00:00,2023-12-29T06:59:44Z,"[17.159508112818003, -62.627297854050994]",,168.8,179.0,12.4,2.2,2.892,3.887,,,,(GMT-04:00) America/St_Kitts
10455291335,Run,Nike Run Club: Friday Morning Run (Part 1),5616.1,2066,2150,25.0,2023-12-29 10:23:37+00:00,2023-12-29T06:23:37Z,"[17.158349817618728, -62.62375331483781]",,159.9,171.0,12.4,2.0,2.718,3.75,,,,(GMT-04:00) America/St_Kitts
10451230470,Hike,Morning Hike,4729.0,5259,6325,313.4,2023-12-28 13:20:14+00:00,2023-12-28T09:20:14Z,"[17.171730184927583, -62.56440248340368]",,110.2,141.0,431.4,190.6,0.899,1.855,,,,(GMT-04:00) America/St_Kitts
10451230239,Workout,Morning Pickleball,0.0,2245,2245,0.0,2023-12-28 10:56:59+00:00,2023-12-28T06:56:59Z,[],,143.9,171.0,0.0,0.0,0.0,0.0,,,,(GMT-04:00) America/Anguilla
10449372530,Workout,Afternoon Pickleball,0.0,5400,5400,0.0,2023-12-27 20:27:48+00:00,2023-12-27T16:27:48Z,[],,156.9,192.0,0.0,0.0,0.0,0.0,,,,(GMT-04:00) America/Anguilla
10442474660,WeightTraining,Morning Weight Training,0.0,2209,2209,0.0,2023-12-26 13:17:02+00:00,2023-12-26T09:17:02Z,[],,114.5,140.0,0.0,0.0,0.0,0.0,,,,(GMT-04:00) America/Anguilla
10433937627,Run,Nike Run Club: Monday Morning Run,5457.3,1961,1965,115.0,2023-12-25 10:49:59+00:00,2023-12-25T06:49:59Z,"[17.15818821452558, -62.62351367622614]",,169.3,193.0,106.4,3.6,2.783,4.882,,,,(GMT-04:00) America/St_Kitts
10431572875,Workout,Morning Pickleball,0.0,3093,3093,0.0,2023-12-24 14:04:04+00:00,2023-12-24T10:04:04Z,[],,157.4,192.0,0.0,0.0,0.0,0.0,,,,(GMT-04:00) America/Anguilla
10419833268,Workout,Morning Pilates,0.0,2005,2005,0.0,2023-12-22 13:08:48+00:00,2023-12-22T09:08:48Z,[],,95.7,137.0,0.0,0.0,0.0,0.0,,,,(GMT-04:00) America/Anguilla
10419127699,WeightTraining,Morning Weight Training,0.0,1804,1804,0.0,2023-12-22 11:09:30+00:00,2023-12-22T07:09:30Z,[],,101.7,140.0,0.0,0.0,0.0,0.0,,,,(GMT-04:00) America/Anguilla
10411901561,Workout,Afternoon Pickleball,0.0,3623,3623,0.0,2023-12-20 20:30:25+00:00,2023-12-20T16:30:25Z,[],,129.4,173.0,0.0,0.0,0.0,0.0,,,,(GMT-04:00) America/Anguilla
10409047629,WeightTraining,Morning Weight Training,0.0,2327,2327,0.0,2023-12-20 10:24:53+00:00,2023-12-20T06:24:53Z,[],,110.2,145.0,0.0,0.0,0.0,0.0,,,,(GMT-04:00) America/Anguilla
10398331014,WeightTraining,Morning Weight Training,0.0,3084,3084,0.0,2023-12-18 07:27:21+00:00,2023-12-18T07:27:21Z,[],,117.4,150.0,0.0,0.0,0.0,0.0,,,,(GMT+00:00) Africa/Abidjan
10398331000,Workout,Morning Workout,0.0,1800,1800,0.0,2023-12-18 06:57:20+00:00,2023-12-18T06:57:20Z,[],,124.7,139.0,0.0,0.0,0.0,0.0,,,,(GMT+00:00) Africa/Abidjan
10377857495,WeightTraining,Morning Weight Training,0.0,3062,3062,0.0,2023-12-14 07:29:34+00:00,2023-12-14T07:29:34Z,[],,123.5,155.0,0.0,0.0,0.0,0.0,,,,(GMT+00:00) Africa/Abidjan
10377857415,Workout,Morning Workout,0.0,1448,1448,0.0,2023-12-14 07:05:25+00:00,2023-12-14T07:05:25Z,[],,124.0,136.0,0.0,0.0,0.0,0.0,,,,(GMT+00:00) Africa/Abidjan
10367199769,WeightTraining,Morning Weight Training,0.0,2705,2705,0.0,2023-12-12 07:31:22+00:00,2023-12-12T07:31:22Z,[],,119.5,167.0,0.0,0.0,0.0,0.0,,,,(GMT+00:00) Africa/Abidjan
10367199764,Workout,Morning Workout,0.0,600,600,0.0,2023-12-12 07:21:21+00:00,2023-12-12T07:21:21Z,[],,130.1,143.0,0.0,0.0,0.0,0.0,,,,(GMT+00:00) Africa/Abidjan
10362122785,WeightTraining,Morning Weight Training,0.0,3135,3135,0.0,2023-12-11 07:44:56+00:00,2023-12-11T07:44:56Z,[],,118.5,143.0,0.0,0.0,0.0,0.0,,,,(GMT+00:00) Africa/Abidjan
10362117936,Workout,Morning Workout,0.0,1649,1649,0.0,2023-12-11 07:17:26+00:00,2023-12-11T07:17:26Z,[],,127.2,140.0,0.0,0.0,0.0,0.0,,,,(GMT+00:00) Africa/Abidjan
10351838668,Run,Nike Run Club: Saturday Morning Run,10000.0,3582,3582,0.0,2023-12-09 09:24:15+00:00,2023-12-09T01:24:15Z,[],,,,,,2.792,0.0,,,,(GMT-08:00) America/Los_Angeles
10351801357,WeightTraining,Morning Weight Training,0.0,3423,3423,0.0,2023-12-09 09:04:26+00:00,2023-12-09T09:04:26Z,[],,142.1,194.0,0.0,0.0,0.0,0.0,,,,(GMT+00:00) Africa/Abidjan
10341457124,Workout,Morning Workout,0.0,1801,1801,0.0,2023-12-07 06:45:00+00:00,2023-12-07T06:45:00Z,[],,130.4,144.0,0.0,0.0,0.0,0.0,,,,(GMT+00:00) Africa/Abidjan
10341357254,WeightTraining,Morning Weight Training,0.0,2654,2654,0.0,2023-12-07 06:00:44+00:00,2023-12-07T06:00:44Z,[],,116.4,162.0,0.0,0.0,0.0,0.0,,,,(GMT+00:00) Africa/Abidjan
10336458550,Workout,Morning Workout,0.0,1800,1800,0.0,2023-12-06 07:49:39+00:00,2023-12-06T07:49:39Z,[],,123.6,131.0,0.0,0.0,0.0,0.0,,,,(GMT+00:00) Africa/Abidjan
10336153219,WeightTraining,Morning Weight Training,0.0,3059,3059,0.0,2023-12-06 06:58:37+00:00,2023-12-06T06:58:37Z,[],,103.2,138.0,0.0,0.0,0.0,0.0,,,,(GMT+00:00) Africa/Abidjan
10330368773,Workout,Afternoon Workout,0.0,481,481,0.0,2023-12-01 17:14:56+00:00,2023-12-01T17:14:56Z,[],,102.6,119.0,0.0,0.0,0.0,0.0,,,,(GMT+00:00) Africa/Abidjan
10330368788,WeightTraining,Afternoon Weight Training,0.0,2950,2950,0.0,2023-12-01 16:25:42+00:00,2023-12-01T16:25:42Z,[],,124.7,184.0,0.0,0.0,0.0,0.0,,,,(GMT+00:00) Africa/Abidjan
10299446786,Workout,Morning Workout,0.0,567,567,0.0,2023-11-29 08:01:10+00:00,2023-11-29T08:01:10Z,[],,104.2,138.0,0.0,0.0,0.0,0.0,,,,(GMT+00:00) Africa/Abidjan
10299446794,Workout,Morning Workout,0.0,1800,1800,0.0,2023-11-29 07:31:06+00:00,2023-11-29T07:31:06Z,[],,132.0,140.0,0.0,0.0,0.0,0.0,,,,(GMT+00:00) Africa/Abidjan
10299326411,WeightTraining,Morning Weight Training,0.0,2692,2692,0.0,2023-11-29 06:46:11+00:00,2023-11-29T06:46:11Z,[],,119.9,155.0,0.0,0.0,0.0,0.0,,,,(GMT+00:00) Africa/Abidjan
10294190896,WeightTraining,Morning Weight Training,0.0,2787,2787,0.0,2023-11-28 07:28:20+00:00,2023-11-28T07:28:20Z,[],,128.2,175.0,0.0,0.0,0.0,0.0,,,,(GMT+00:00) Africa/Abidjan
10288639644,WeightTraining,Morning Weight Training,0.0,2713,2713,0.0,2023-11-27 07:43:54+00:00,2023-11-27T07:43:54Z,[],,118.1,145.0,0.0,0.0,0.0,0.0,,,,(GMT+00:00) Africa/Abidjan
10288639648,Workout,Morning Workout,0.0,1802,1802,0.0,2023-11-27 07:13:51+00:00,2023-11-27T07:13:51Z,[],,127.5,140.0,0.0,0.0,0.0,0.0,,,,(GMT+00:00) Africa/Abidjan
10288639771,Walk,Afternoon Walk,2049.6,1290,1395,23.0,2023-11-26 14:56:01+00:00,2023-11-26T14:56:01Z,"[51.67654512450099, -0.6077487487345934]",,97.0,109.0,162.6,153.8,1.589,3.172,,,,(GMT+00:00) Europe/London
10278907139,WeightTraining,Morning Weight Training,0.0,3248,3248,0.0,2023-11-25 09:10:29+00:00,2023-11-25T09:10:29Z,[],,128.0,189.0,0.0,0.0,0.0,0.0,,,,(GMT+00:00) Africa/Abidjan
10266798862,WeightTraining,Morning Weight Training,0.0,2789,2789,0.0,2023-11-23 07:43:01+00:00,2023-11-23T07:43:01Z,[],,112.4,143.0,0.0,0.0,0.0,0.0,,,,(GMT+00:00) Africa/Abidjan
10266798856,Workout,Morning Workout,0.0,1800,1800,0.0,2023-11-23 07:13:00+00:00,2023-11-23T07:13:00Z,[],,125.4,141.0,0.0,0.0,0.0,0.0,,,,(GMT+00:00) Africa/Abidjan
10266798869,WeightTraining,Morning Weight Training,0.0,2692,2692,0.0,2023-11-21 07:44:40+00:00,2023-11-21T07:44:40Z,[],,132.6,175.0,0.0,0.0,0.0,0.0,,,,(GMT+00:00) Africa/Abidjan
10266798852,Workout,Morning Workout,0.0,549,549,0.0,2023-11-21 07:35:28+00:00,2023-11-21T07:35:28Z,[],,153.7,182.0,0.0,0.0,0.0,0.0,,,,(GMT+00:00) Africa/Abidjan
10249793186,WeightTraining,Morning Weight Training,0.0,2782,2782,0.0,2023-11-20 07:42:17+00:00,2023-11-20T07:42:17Z,[],,114.4,144.0,0.0,0.0,0.0,0.0,,,,(GMT+00:00) Africa/Abidjan
10249793183,Workout,Morning Workout,0.0,1799,1799,0.0,2023-11-20 07:12:15+00:00,2023-11-20T07:12:15Z,[],,128.5,143.0,0.0,0.0,0.0,0.0,,,,(GMT+00:00) Africa/Abidjan
10245046100,Run,Nike Run Club: Sunday Morning Run,6020.8,2177,2180,55.0,2023-11-19 11:01:35+00:00,2023-11-19T11:01:35Z,"[51.67561624199152, -0.6075142230838537]",,163.8,189.0,170.2,137.6,2.766,4.904,,,,(GMT+00:00) Europe/London
10229579309,Walk,Afternoon Walk,2991.2,1829,1902,22.2,2023-11-16 16:44:49+00:00,2023-11-16T16:44:49Z,"[51.67740661650896, -0.6066068820655346]",,96.0,119.0,159.2,143.2,1.635,2.572,,,,(GMT+00:00) Europe/London
10227290147,WeightTraining,Morning Weight Training,0.0,3138,3138,0.0,2023-11-16 07:41:23+00:00,2023-11-16T07:41:23Z,[],,124.1,161.0,0.0,0.0,0.0,0.0,,,,(GMT+00:00) Africa/Abidjan
10227290142,Workout,Morning Workout,0.0,2158,2158,0.0,2023-11-16 07:05:23+00:00,2023-11-16T07:05:23Z,[],,128.9,138.0,0.0,0.0,0.0,0.0,,,,(GMT+00:00) Africa/Abidjan
10215325703,WeightTraining,Morning Weight Training,0.0,2896,2896,0.0,2023-11-14 07:28:56+00:00,2023-11-14T07:28:56Z,[],,125.7,164.0,0.0,0.0,0.0,0.0,,,,(GMT+00:00) Africa/Abidjan
10215325696,Workout,Morning Workout,0.0,1801,1801,0.0,2023-11-14 06:58:54+00:00,2023-11-14T06:58:54Z,[],,133.6,144.0,0.0,0.0,0.0,0.0,,,,(GMT+00:00) Africa/Abidjan
10209850962,WeightTraining,Morning Weight Training,0.0,2763,2763,0.0,2023-11-13 07:43:50+00:00,2023-11-13T07:43:50Z,[],,111.3,142.0,0.0,0.0,0.0,0.0,,,,(GMT+00:00) Africa/Abidjan
10209850948,Workout,Morning Workout,0.0,1812,1812,0.0,2023-11-13 07:13:29+00:00,2023-11-13T07:13:29Z,[],,118.9,137.0,0.0,0.0,0.0,0.0,,,,(GMT+00:00) Africa/Abidjan
10206762209,Walk,Afternoon Walk,3082.7,2548,2599,88.6,2023-11-12 15:11:45+00:00,2023-11-12T15:11:45Z,"[51.675851941108704, -0.6076118722558022]",,95.1,122.0,162.8,89.6,1.21,2.72,,,,(GMT+00:00) Europe/London
10198203527,Workout,Morning Workout,0.0,433,433,0.0,2023-11-11 10:21:59+00:00,2023-11-11T10:21:59Z,[],,135.2,173.0,0.0,0.0,0.0,0.0,,,,(GMT+00:00) Africa/Abidjan
10198157965,Run,Nike Run Club: Saturday Morning Run,10004.3,3516,3541,101.0,2023-11-11 09:22:29+00:00,2023-11-11T09:22:29Z,"[51.67628763243556, -0.6075541209429502]",,170.2,190.0,175.2,97.4,2.845,4.608,,,,(GMT+00:00) Europe/London
10183811142,Workout,Afternoon Workout,0.0,1658,1658,0.0,2023-11-08 17:00:25+00:00,2023-11-08T17:00:25Z,[],,127.2,136.0,0.0,0.0,0.0,0.0,,,,(GMT+00:00) Africa/Abidjan
10183628729,WeightTraining,Afternoon Weight Training,0.0,2782,2782,0.0,2023-11-08 16:14:00+00:00,2023-11-08T16:14:00Z,[],,126.0,157.0,0.0,0.0,0.0,0.0,,,,(GMT+00:00) Africa/Abidjan
10174872517,WeightTraining,Morning Weight Training,0.0,2735,2735,0.0,2023-11-07 07:31:02+00:00,2023-11-07T07:31:02Z,[],,124.1,152.0,0.0,0.0,0.0,0.0,,,,(GMT+00:00) Africa/Abidjan
10174860784,Workout,Morning Workout,0.0,1200,1200,0.0,2023-11-07 07:11:01+00:00,2023-11-07T07:11:01Z,[],,130.5,145.0,0.0,0.0,0.0,0.0,,,,(GMT+00:00) Africa/Abidjan
10169100032,WeightTraining,Morning Weight Training,0.0,2907,2907,0.0,2023-11-06 07:42:28+00:00,2023-11-06T07:42:28Z,[],,129.3,158.0,0.0,0.0,0.0,0.0,,,,(GMT+00:00) Africa/Abidjan
10169099997,Workout,Morning Workout,0.0,1801,1801,0.0,2023-11-06 07:12:26+00:00,2023-11-06T07:12:26Z,[],,131.7,143.0,0.0,0.0,0.0,0.0,,,,(GMT+00:00) Africa/Abidjan
10157929924,WeightTraining,Morning Weight Training,0.0,2443,2443,0.0,2023-11-04 10:55:43+00:00,2023-11-04T10:55:43Z,[],,128.3,167.0,0.0,0.0,0.0,0.0,,,,(GMT+00:00) Africa/Abidjan
10157653965,Workout,Morning Workout,0.0,1950,1950,0.0,2023-11-04 10:23:07+00:00,2023-11-04T10:23:07Z,[],,150.3,184.0,0.0,0.0,0.0,0.0,,,,(GMT+00:00) Africa/Abidjan
10154745530,Workout,Evening Workout,0.0,1696,1696,0.0,2023-11-03 19:12:10+00:00,2023-11-03T19:12:10Z,[],,68.7,94.0,0.0,0.0,0.0,0.0,,,,(GMT+00:00) Africa/Abidjan
10146412991,WeightTraining,Morning Weight Training,0.0,3034,3034,0.0,2023-11-02 07:41:42+00:00,2023-11-02T07:41:42Z,[],,115.6,148.0,0.0,0.0,0.0,0.0,,,,(GMT+00:00) Africa/Abidjan
10146409577,Workout,Morning Workout,0.0,2551,2551,0.0,2023-11-02 06:59:10+00:00,2023-11-02T06:59:10Z,[],,119.7,137.0,0.0,0.0,0.0,0.0,,,,(GMT+00:00) Africa/Abidjan
10134655175,Workout,Morning Workout,0.0,618,618,0.0,2023-10-31 08:20:08+00:00,2023-10-31T08:20:08Z,[],,134.7,146.0,0.0,0.0,0.0,0.0,,,,(GMT+00:00) Africa/Abidjan
10134655174,WeightTraining,Morning Weight Training,0.0,3007,3007,0.0,2023-10-31 07:29:59+00:00,2023-10-31T07:29:59Z,[],,121.9,169.0,0.0,0.0,0.0,0.0,,,,(GMT+00:00) Africa/Abidjan
10134655117,Workout,Morning Workout,0.0,1070,1070,0.0,2023-10-31 07:12:08+00:00,2023-10-31T07:12:08Z,[],,120.0,139.0,0.0,0.0,0.0,0.0,,,,(GMT+00:00) Africa/Abidjan
10129144118,WeightTraining,Morning Weight Training,0.0,2813,2813,0.0,2023-10-30 07:43:32+00:00,2023-10-30T07:43:32Z,[],,117.4,145.0,0.0,0.0,0.0,0.0,,,,(GMT+00:00) Africa/Abidjan
10128986515,Workout,Morning Workout,0.0,1809,1809,0.0,2023-10-30 07:12:57+00:00,2023-10-30T07:12:57Z,[],,125.6,136.0,0.0,0.0,0.0,0.0,,,,(GMT+00:00) Africa/Abidjan
10117660105,WeightTraining,Morning Weight Training,0.0,1718,1718,0.0,2023-10-28 09:42:43+00:00,2023-10-28T10:42:43Z,[],,125.7,145.0,0.0,0.0,0.0,0.0,,,,(GMT+01:00) Africa/Algiers
10117588719,Workout,Morning Workout,0.0,2968,2968,0.0,2023-10-28 08:53:12+00:00,2023-10-28T09:53:12Z,[],,140.1,190.0,0.0,0.0,0.0,0.0,,,,(GMT+01:00) Africa/Algiers
10113512078,WeightTraining,Morning Weight Training,0.0,2668,2668,0.0,2023-10-26 06:45:16+00:00,2023-10-26T07:45:16Z,[],,121.4,159.0,0.0,0.0,0.0,0.0,,,,(GMT+01:00) Africa/Algiers
10113512068,Workout,Morning Workout,0.0,1801,1801,0.0,2023-10-26 06:15:05+00:00,2023-10-26T07:15:05Z,[],,126.2,139.0,0.0,0.0,0.0,0.0,,,,(GMT+01:00) Africa/Algiers
10102962748,Run,Nike Run Club: Wednesday Afternoon Run,7521.1,2529,2535,41.0,2023-10-25 15:43:25+00:00,2023-10-25T16:43:25Z,"[51.67561666108668, -0.6075844634324312]",,167.1,187.0,156.0,146.8,2.974,4.38,,,,(GMT+00:00) Europe/London
10098021157,Walk,Evening Walk,1402.8,1074,1444,15.2,2023-10-24 18:43:30+00:00,2023-10-24T19:43:30Z,"[51.67639651335776, -0.6075682863593102]",,85.8,101.0,174.6,150.4,1.306,7.865,,,,(GMT+00:00) Europe/London
10094357233,Workout,Morning Workout,0.0,1080,1080,0.0,2023-10-24 07:15:20+00:00,2023-10-24T08:15:20Z,[],,137.3,148.0,0.0,0.0,0.0,0.0,,,,(GMT+01:00) Africa/Algiers
10094357239,WeightTraining,Morning Weight Training,0.0,2683,2683,0.0,2023-10-24 06:30:25+00:00,2023-10-24T07:30:25Z,[],,129.4,171.0,0.0,0.0,0.0,0.0,,,,(GMT+01:00) Africa/Algiers
10094357230,Workout,Morning Workout,0.0,806,806,0.0,2023-10-24 06:16:43+00:00,2023-10-24T07:16:43Z,[],,131.1,154.0,0.0,0.0,0.0,0.0,,,,(GMT+01:00) Africa/Algiers
10088499939,WeightTraining,Morning Weight Training,0.0,2889,2889,0.0,2023-10-23 06:44:43+00:00,2023-10-23T07:44:43Z,[],,122.9,156.0,0.0,0.0,0.0,0.0,,,,(GMT+01:00) Africa/Algiers
10088499990,Workout,Morning Workout,0.0,721,721,0.0,2023-10-23 06:32:03+00:00,2023-10-23T07:32:03Z,[],,134.9,150.0,0.0,0.0,0.0,0.0,,,,(GMT+01:00) Africa/Algiers
10088499934,Workout,Afternoon Workout,0.0,1533,1533,0.0,2023-10-22 15:34:32+00:00,2023-10-22T16:34:32Z,[],,57.5,83.0,0.0,0.0,0.0,0.0,,,,(GMT+01:00) Africa/Algiers
10076214439,Run,Nike Run Club: Saturday Morning Run,10027.5,3661,3675,55.0,2023-10-21 07:15:37+00:00,2023-10-21T08:15:37Z,"[51.676397351548076, -0.6076424662023783]",,165.8,186.0,171.0,137.0,2.739,5.306,,,,(GMT+00:00) Europe/London
10073536050,WeightTraining,Afternoon Weight Training,0.0,2824,2824,0.0,2023-10-20 16:57:01+00:00,2023-10-20T17:57:01Z,[],,142.0,184.0,0.0,0.0,0.0,0.0,,,,(GMT+01:00) Africa/Algiers
10065521857,WeightTraining,Morning Weight Training,0.0,3319,3319,0.0,2023-10-19 06:38:04+00:00,2023-10-19T07:38:04Z,[],,131.0,163.0,0.0,0.0,0.0,0.0,,,,(GMT+01:00) Africa/Algiers
10065521855,Workout,Morning Workout,0.0,2161,2161,0.0,2023-10-19 06:01:53+00:00,2023-10-19T07:01:53Z,[],,141.2,158.0,0.0,0.0,0.0,0.0,,,,(GMT+01:00) Africa/Algiers
10062363738,Workout,Afternoon Workout,0.0,510,510,0.0,2023-10-18 16:40:56+00:00,2023-10-18T17:40:56Z,[],,108.9,135.0,0.0,0.0,0.0,0.0,,,,(GMT+01:00) Africa/Algiers
10062363732,Workout,Afternoon Workout,0.0,1494,1494,0.0,2023-10-18 16:15:47+00:00,2023-10-18T17:15:47Z,[],,112.1,135.0,0.0,0.0,0.0,0.0,,,,(GMT+01:00) Africa/Algiers
10062099089,Workout,Afternoon Workout,0.0,2161,2161,0.0,2023-10-18 15:39:10+00:00,2023-10-18T16:39:10Z,[],,125.3,144.0,0.0,0.0,0.0,0.0,,,,(GMT+01:00) Africa/Algiers
10053178788,WeightTraining,Morning Weight Training,0.0,2789,2789,0.0,2023-10-17 06:29:55+00:00,2023-10-17T07:29:55Z,[],,121.0,161.0,0.0,0.0,0.0,0.0,,,,(GMT+01:00) Africa/Algiers
10053178787,Workout,Morning Workout,0.0,1803,1803,0.0,2023-10-17 05:59:42+00:00,2023-10-17T06:59:42Z,[],,118.8,139.0,0.0,0.0,0.0,0.0,,,,(GMT+01:00) Africa/Algiers
10047459770,WeightTraining,Morning Weight Training,0.0,2775,2775,0.0,2023-10-16 07:00:19+00:00,2023-10-16T08:00:19Z,[],,110.7,144.0,0.0,0.0,0.0,0.0,,,,(GMT+01:00) Africa/Algiers
10049118181,Run,Monday Morning Run,5000.0,1800,1800,0.0,2023-10-16 06:30:13+00:00,2023-10-15T23:30:13Z,[],,,,0.0,0.0,2.778,2.778,,,,(GMT-08:00) America/Los_Angeles
10047458257,Workout,Morning Workout,0.0,1807,1807,0.0,2023-10-16 06:29:19+00:00,2023-10-16T07:29:19Z,[],,118.5,137.0,0.0,0.0,0.0,0.0,,,,(GMT+01:00) Africa/Algiers
10041976714,WeightTraining,Morning Weight Training,0.0,3159,3159,0.0,2023-10-15 09:21:57+00:00,2023-10-15T10:21:57Z,[],,126.1,183.0,0.0,0.0,0.0,0.0,,,,(GMT+01:00) Africa/Algiers
10049118248,Run,Sunday Morning Run,5000.0,1800,1800,0.0,2023-10-15 08:30:27+00:00,2023-10-15T01:30:27Z,[],,,,0.0,0.0,2.778,2.778,,,,(GMT-08:00) America/Los_Angeles
10037607443,Walk,Afternoon Walk,6204.1,4773,5074,110.8,2023-10-14 13:31:47+00:00,2023-10-14T14:31:47Z,"[51.6321415733546, -0.5698720179498196]",,106.2,125.0,157.8,73.8,1.3,2.885,,,,(GMT+00:00) Europe/London
10036713036,Walk,Lunch Walk,6028.9,4235,4235,16.8,2023-10-14 11:43:59+00:00,2023-10-14T12:43:59Z,"[51.6748109087348, -0.6075622513890266]",,101.4,120.0,151.0,72.4,1.424,2.526,,,,(GMT+00:00) Europe/London
10031452393,Workout,Afternoon Workout,0.0,1214,1214,0.0,2023-10-13 14:48:43+00:00,2023-10-13T15:48:43Z,[],,123.9,137.0,0.0,0.0,0.0,0.0,,,,(GMT+01:00) Africa/Algiers
10031313111,WeightTraining,Afternoon Weight Training,0.0,3449,3449,0.0,2023-10-13 13:49:50+00:00,2023-10-13T14:49:50Z,[],,106.0,156.0,0.0,0.0,0.0,0.0,,,,(GMT+01:00) Africa/Algiers
10024043574,WeightTraining,Morning Weight Training,0.0,3008,3008,0.0,2023-10-12 06:44:01+00:00,2023-10-12T07:44:01Z,[],,119.1,144.0,0.0,0.0,0.0,0.0,,,,(GMT+01:00) Africa/Algiers
10024043550,Workout,Morning Workout,0.0,1821,1821,0.0,2023-10-12 06:13:29+00:00,2023-10-12T07:13:29Z,[],,121.7,136.0,0.0,0.0,0.0,0.0,,,,(GMT+01:00) Africa/Algiers
10020002768,Workout,Afternoon Workout,0.0,2238,2238,0.0,2023-10-11 15:43:16+00:00,2023-10-11T16:43:16Z,[],,126.9,146.0,0.0,0.0,0.0,0.0,,,,(GMT+01:00) Africa/Algiers
10014587508,Workout,Evening Workout,0.0,794,794,0.0,2023-10-10 18:39:27+00:00,2023-10-10T19:39:27Z,[],,80.9,98.0,0.0,0.0,0.0,0.0,,,,(GMT+01:00) Africa/Algiers
10006892262,Workout,Afternoon Workout,0.0,1286,1286,0.0,2023-10-09 15:35:14+00:00,2023-10-09T16:35:14Z,[],,131.1,141.0,0.0,0.0,0.0,0.0,,,,(GMT+01:00) Africa/Algiers
10006736612,WeightTraining,Afternoon Weight Training,0.0,1718,1718,0.0,2023-10-09 15:06:06+00:00,2023-10-09T16:06:06Z,[],,126.3,152.0,0.0,0.0,0.0,0.0,,,,(GMT+01:00) Africa/Algiers
9998653512,Walk,Morning Walk,4790.4,3165,3193,45.0,2023-10-08 08:42:04+00:00,2023-10-08T09:42:04Z,"[51.67577935382724, -0.6075428891927004]",,97.2,128.0,160.4,138.0,1.514,3.101,,,,(GMT+00:00) Europe/London
9992146260,Workout,Morning Workout,0.0,1721,1721,0.0,2023-10-07 09:02:25+00:00,2023-10-07T10:02:25Z,[],,116.0,138.0,0.0,0.0,0.0,0.0,,,,(GMT+01:00) Africa/Algiers
9991856927,Run,Amersham on the Hill - Chalfont St Giles,7522.7,3163,3253,29.0,2023-10-07 08:07:43+00:00,2023-10-07T09:07:43Z,"[51.67530409991741, -0.6076327431946993]",,154.0,178.0,151.6,79.8,2.378,3.91,,,,(GMT+00:00) Europe/London
9985857456,Workout,Morning Workout,0.0,486,486,0.0,2023-10-06 07:08:52+00:00,2023-10-06T08:08:52Z,[],,120.0,142.0,0.0,0.0,0.0,0.0,,,,(GMT+01:00) Africa/Algiers
9985825515,Run,Nike Run Club: Friday Morning Run,7506.9,2867,2874,49.0,2023-10-06 06:19:33+00:00,2023-10-06T07:19:33Z,"[51.676191659644246, -0.6074948608875275]",,162.4,176.0,176.2,146.4,2.618,3.412,,,,(GMT+00:00) Europe/London
9979743083,WeightTraining,Morning Weight Training,0.0,2635,2635,0.0,2023-10-05 06:46:38+00:00,2023-10-05T07:46:38Z,[],,131.7,167.0,0.0,0.0,0.0,0.0,,,,(GMT+01:00) Africa/Algiers
9979743077,Workout,Morning Workout,0.0,1793,1793,0.0,2023-10-05 06:16:34+00:00,2023-10-05T07:16:34Z,[],,128.2,143.0,0.0,0.0,0.0,0.0,,,,(GMT+01:00) Africa/Algiers
9973594618,Workout,Cool Down,0.0,854,854,0.0,2023-10-04 07:01:37+00:00,2023-10-04T08:01:37Z,[],,116.1,151.0,0.0,0.0,0.0,0.0,,,,(GMT+01:00) Africa/Algiers
9973720565,Run,Amersham on the Hill,5013.4,1753,1759,18.4,2023-10-04 06:31:21+00:00,2023-10-04T07:31:21Z,"[51.67611672542989, -0.6076108664274216]",,171.1,185.0,168.9,151.3,2.86,4.348,,,,(GMT+00:00) Europe/London
9973594687,Walk,Evening Walk,2004.6,626,658,5.8,2023-10-03 18:28:44+00:00,2023-10-03T19:28:44Z,"[51.68168004602194, -0.6028393004089594]",,85.3,97.0,161.0,154.2,3.202,2.241,,,,(GMT+00:00) Europe/London
9973720573,Walk,Amersham on the Hill,2004.6,1512,1685,2.8,2023-10-03 18:11:39+00:00,2023-10-03T19:11:39Z,"[51.68168004602194, -0.6028393004089594]",,88.8,104.0,156.8,153.0,1.326,2.046,,,,(GMT+00:00) Europe/London
9973594512,Workout,Cool Down,0.0,751,751,0.0,2023-10-03 09:14:50+00:00,2023-10-03T10:14:50Z,[],,82.0,109.0,0.0,0.0,0.0,0.0,,,,(GMT+01:00) Africa/Algiers
9973594472,WeightTraining,Traditional Strength Training,0.0,3494,3494,0.0,2023-10-03 06:31:26+00:00,2023-10-03T07:31:26Z,[],,123.8,164.0,0.0,0.0,0.0,0.0,,,,(GMT+01:00) Africa/Algiers
9973594463,Workout,Mixed Cardio,0.0,1772,1772,0.0,2023-10-03 06:01:44+00:00,2023-10-03T07:01:44Z,[],,140.1,183.0,0.0,0.0,0.0,0.0,,,,(GMT+01:00) Africa/Algiers
9973594459,WeightTraining,Traditional Strength Training,0.0,2925,2925,0.0,2023-10-02 06:44:24+00:00,2023-10-02T07:44:24Z,[],,110.6,138.0,0.0,0.0,0.0,0.0,,,,(GMT+01:00) Africa/Algiers
9973594461,Workout,Mixed Cardio,0.0,1801,1801,0.0,2023-10-02 06:14:08+00:00,2023-10-02T07:14:08Z,[],,120.0,131.0,0.0,0.0,0.0,0.0,,,,(GMT+01:00) Africa/Algiers
9973594460,Workout,Cool Down,0.0,725,725,0.0,2023-10-01 09:24:18+00:00,2023-10-01T10:24:18Z,[],,102.0,122.0,0.0,0.0,0.0,0.0,,,,(GMT+01:00) Africa/Algiers
9973720742,Run,Amersham on the Hill - Chalfont St Giles,10003.9,3808,3832,84.1,2023-10-01 07:30:38+00:00,2023-10-01T08:30:38Z,"[51.67538800276816, -0.6076278816908598]",,163.4,187.0,151.2,78.1,2.627,4.034,,,,(GMT+00:00) Europe/London
9973594510,Workout,Mixed Cardio,0.0,1243,1243,0.0,2023-09-30 19:28:09+00:00,2023-09-30T20:28:09Z,[],,66.7,90.0,0.0,0.0,0.0,0.0,,,,(GMT+01:00) Africa/Algiers
9973594497,Walk,Lunch Walk,4541.4,2970,3113,40.4,2023-09-30 10:23:33+00:00,2023-09-30T11:23:33Z,"[51.67591237463057, -0.607489412650466]",,96.5,110.0,161.6,139.2,1.529,2.502,,,,(GMT+00:00) Europe/London
9973720765,Walk,Amersham on the Hill - Little Chalfont,4541.4,3004,3138,26.3,2023-09-30 10:23:09+00:00,2023-09-30T11:23:09Z,"[51.67591237463057, -0.607489412650466]",,96.5,110.0,156.8,136.7,1.512,2.788,,,,(GMT+00:00) Europe/London
9973594312,Walk,Indoor Walking,3504.3,2032,2032,0.0,2023-09-29 14:59:16+00:00,2023-09-29T15:59:16Z,[],,70.3,84.0,0.0,0.0,1.725,3.434,,,,(GMT+01:00) Africa/Algiers
9973594315,Workout,Mixed Cardio,0.0,191,191,0.0,2023-09-29 14:56:02+00:00,2023-09-29T15:56:02Z,[],,75.8,82.0,0.0,0.0,0.0,0.0,,,,(GMT+01:00) Africa/Algiers
9973594307,WeightTraining,Traditional Strength Training,0.0,3014,3014,0.0,2023-09-28 06:43:07+00:00,2023-09-28T07:43:07Z,[],,124.4,152.0,0.0,0.0,0.0,0.0,,,,(GMT+01:00) Africa/Algiers
9973594256,Workout,Mixed Cardio,0.0,1727,1727,0.0,2023-09-28 06:14:10+00:00,2023-09-28T07:14:10Z,[],,136.6,178.0,0.0,0.0,0.0,0.0,,,,(GMT+01:00) Africa/Algiers
9973594261,Workout,Cool Down,0.0,627,627,0.0,2023-09-27 10:41:59+00:00,2023-09-27T11:41:59Z,[],,74.1,96.0,0.0,0.0,0.0,0.0,,,,(GMT+01:00) Africa/Algiers
9973594259,Workout,Mixed Cardio,0.0,1540,1540,0.0,2023-09-27 06:49:34+00:00,2023-09-27T07:49:34Z,[],,126.5,147.0,0.0,0.0,0.0,0.0,,,,(GMT+01:00) Africa/Algiers
9973594201,WeightTraining,Traditional Strength Training,0.0,3185,3185,0.0,2023-09-27 05:56:18+00:00,2023-09-27T06:56:18Z,[],,123.4,171.0,0.0,0.0,0.0,0.0,,,,(GMT+01:00) Africa/Algiers
9973594142,Workout,Cool Down,0.0,1418,1418,0.0,2023-09-26 10:53:11+00:00,2023-09-26T11:53:11Z,[],,76.3,100.0,0.0,0.0,0.0,0.0,,,,(GMT+01:00) Africa/Algiers
9973594209,WeightTraining,Traditional Strength Training,0.0,3566,3566,0.0,2023-09-26 06:30:43+00:00,2023-09-26T07:30:43Z,[],,141.3,172.0,0.0,0.0,0.0,0.0,,,,(GMT+01:00) Africa/Algiers
9973594204,Workout,Mixed Cardio,0.0,1201,1201,0.0,2023-09-26 06:10:21+00:00,2023-09-26T07:10:21Z,[],,124.9,144.0,0.0,0.0,0.0,0.0,,,,(GMT+01:00) Africa/Algiers
9973594244,Walk,Amersham on the Hill,4090.2,2764,2764,37.6,2023-09-25 15:44:50+00:00,2023-09-25T16:44:50Z,"[51.67589720338583, -0.607690243050456]",,85.0,99.0,167.6,146.2,1.48,2.633,,,,(GMT+00:00) Europe/London
9973720984,Run,Sunday Afternoon Run,7250.0,2700,2700,0.0,2023-09-24 13:27:26+00:00,2023-09-24T06:27:26Z,[],,,,0.0,0.0,2.685,2.685,,,,(GMT-08:00) America/Los_Angeles
9973594074,Workout,Mixed Cardio,0.0,1521,1521,0.0,2023-09-24 10:27:09+00:00,2023-09-24T11:27:09Z,[],,137.8,149.0,0.0,0.0,0.0,0.0,,,,(GMT+01:00) Africa/Algiers
9973594012,WeightTraining,Traditional Strength Training,0.0,3442,3442,0.0,2023-09-24 09:29:35+00:00,2023-09-24T10:29:35Z,[],,138.5,189.0,0.0,0.0,0.0,0.0,,,,(GMT+01:00) Africa/Algiers
9973594016,Workout,Mixed Cardio,0.0,917,917,0.0,2023-09-24 09:14:06+00:00,2023-09-24T10:14:06Z,[],,140.1,186.0,0.0,0.0,0.0,0.0,,,,(GMT+01:00) Africa/Algiers
9973594051,Walk,Amersham on the Hill,2935.5,2051,2389,37.4,2023-09-23 11:51:23+00:00,2023-09-23T12:51:23Z,"[51.675976160913706, -0.6075484212487936]",,95.0,115.0,173.6,153.8,1.431,4.058,,,,(GMT+00:00) Europe/London
9973594018,Walk,Indoor Walking,3118.0,1835,1835,0.0,2023-09-22 18:44:08+00:00,2023-09-22T19:44:08Z,[],,72.1,87.0,0.0,0.0,1.699,3.104,,,,(GMT+01:00) Africa/Algiers
9973594077,WeightTraining,Traditional Strength Training,0.0,2710,2710,0.0,2023-09-21 06:43:46+00:00,2023-09-21T07:43:46Z,[],,113.5,144.0,0.0,0.0,0.0,0.0,,,,(GMT+01:00) Africa/Algiers
9973593960,Workout,Mixed Cardio,0.0,1571,1571,0.0,2023-09-21 06:16:20+00:00,2023-09-21T07:16:20Z,[],,125.1,143.0,0.0,0.0,0.0,0.0,,,,(GMT+01:00) Africa/Algiers
9973593879,Walk,Indoor Walking,3518.8,1916,1916,0.0,2023-09-19 12:38:50+00:00,2023-09-19T13:38:50Z,[],,79.6,99.0,0.0,0.0,1.837,3.374,,,,(GMT+01:00) Africa/Algiers
9973593927,Walk,Amersham on the Hill,3042.2,1819,1867,21.2,2023-09-18 12:52:46+00:00,2023-09-18T13:52:46Z,"[51.676818458363414, -0.6075902469456196]",,100.5,110.0,160.6,144.2,1.672,2.944,,,,(GMT+00:00) Europe/London
9973593854,WeightTraining,Traditional Strength Training,0.0,2730,2730,0.0,2023-09-18 06:45:40+00:00,2023-09-18T07:45:40Z,[],,116.3,144.0,0.0,0.0,0.0,0.0,,,,(GMT+01:00) Africa/Algiers
9973721289,Run,Monday Morning Run,2000.0,780,780,0.0,2023-09-18 06:30:53+00:00,2023-09-17T23:30:53Z,[],,,,0.0,0.0,2.564,2.564,,,,(GMT-08:00) America/Los_Angeles
9973593866,Workout,Mixed Cardio,0.0,1721,1721,0.0,2023-09-18 06:16:14+00:00,2023-09-18T07:16:14Z,[],,128.0,148.0,0.0,0.0,0.0,0.0,,,,(GMT+01:00) Africa/Algiers
9973593899,Walk,Amersham on the Hill - Little Chalfont,5017.8,3273,3492,45.8,2023-09-17 08:33:17+00:00,2023-09-17T09:33:17Z,"[51.67589854449034, -0.6076671928167343]",,96.2,109.0,161.6,137.6,1.533,7.87,,,,(GMT+00:00) Europe/London
9973593776,Walk,Amersham on the Hill,2994.9,1938,1938,27.8,2023-09-16 09:59:23+00:00,2023-09-16T10:59:23Z,"[51.67587708681822, -0.6076991278678179]",,101.1,114.0,162.4,152.8,1.545,3.085,,,,(GMT+00:00) Europe/London
9973721392,Run,Amersham on the Hill,3095.5,1555,1562,17.6,2023-09-15 16:59:56+00:00,2023-09-15T17:59:56Z,"[51.67845133692026, -0.6040615495294333]",,151.8,173.0,165.8,148.4,1.991,4.01,,,,(GMT+00:00) Europe/London
9973593721,WeightTraining,Traditional Strength Training,0.0,3374,3374,0.0,2023-09-15 16:01:26+00:00,2023-09-15T17:01:26Z,[],,138.0,188.0,0.0,0.0,0.0,0.0,,,,(GMT+01:00) Africa/Algiers
9973593749,Walk,Indoor Walking,2313.0,1811,1811,0.0,2023-09-15 15:30:55+00:00,2023-09-15T16:30:55Z,[],,140.3,150.0,0.0,0.0,1.277,1.888,,,,(GMT+01:00) Africa/Algiers
9973721493,Run,Amersham on the Hill - Little Chalfont,7270.6,2566,2756,42.6,2023-09-15 06:25:04+00:00,2023-09-15T07:25:04Z,"[51.67615922167897, -0.607589827850461]",,172.9,193.0,168.9,136.7,2.833,5.568,,,,(GMT+00:00) Europe/London
9973721438,Run,Thursday Morning Run,2500.0,900,900,0.0,2023-09-14 07:00:02+00:00,2023-09-14T00:00:02Z,[],,,,0.0,0.0,2.778,2.778,,,,(GMT-08:00) America/Los_Angeles
9973593624,WeightTraining,Traditional Strength Training,0.0,2647,2647,0.0,2023-09-14 06:35:28+00:00,2023-09-14T07:35:28Z,[],,124.2,153.0,0.0,0.0,0.0,0.0,,,,(GMT+01:00) Africa/Algiers
9973593621,Walk,Indoor Walking,417.8,311,311,0.0,2023-09-14 06:29:51+00:00,2023-09-14T07:29:51Z,[],,127.6,144.0,0.0,0.0,1.343,2.333,,,,(GMT+01:00) Africa/Algiers
9973593665,Walk,Amersham on the Hill,4034.0,2674,2696,43.4,2023-09-13 15:32:28+00:00,2023-09-13T16:32:28Z,"[51.68036660179496, -0.6032102834433317]",,103.3,113.0,176.8,152.4,1.509,2.529,,,,(GMT+00:00) Europe/London
9973593576,Walk,Indoor Walking,3023.6,1595,1595,0.0,2023-09-12 17:53:14+00:00,2023-09-12T18:53:14Z,[],,75.0,83.0,0.0,0.0,1.896,4.64,,,,(GMT+01:00) Africa/Algiers
9973721618,Run,Monday Morning Run,2500.0,900,900,0.0,2023-09-11 07:00:20+00:00,2023-09-11T00:00:20Z,[],,,,0.0,0.0,2.778,2.778,,,,(GMT-08:00) America/Los_Angeles
9973593574,WeightTraining,Traditional Strength Training,0.0,2745,2745,0.0,2023-09-11 06:46:03+00:00,2023-09-11T07:46:03Z,[],,112.7,146.0,0.0,0.0,0.0,0.0,,,,(GMT+01:00) Africa/Algiers
9973593535,Walk,Indoor Walking,1050.5,826,826,0.0,2023-09-11 06:31:43+00:00,2023-09-11T07:31:43Z,[],,128.1,138.0,0.0,0.0,1.272,2.652,,,,(GMT+01:00) Africa/Algiers
9973593554,Walk,Amersham on the Hill,1017.5,698,698,12.6,2023-09-10 10:44:51+00:00,2023-09-10T11:44:51Z,"[51.680701710283756, -0.5969248618930578]",,140.6,168.0,159.0,149.0,1.458,2.459,,,,(GMT+00:00) Europe/London
9973721716,Run,Amersham on the Hill,5044.4,1614,1771,22.3,2023-09-10 10:14:52+00:00,2023-09-10T11:14:52Z,"[51.6763096768409, -0.6075851339846849]",,177.5,197.0,168.9,148.5,3.125,5.968,,,,(GMT+00:00) Europe/London
9973593572,Walk,Amersham on the Hill,858.3,627,2090,9.4,2023-09-09 11:56:16+00:00,2023-09-09T12:56:16Z,"[51.676181349903345, -0.6075156480073929]",,101.1,118.0,161.4,155.2,1.369,2.536,,,,(GMT+00:00) Europe/London
9973593490,Walk,Amersham on the Hill,640.5,433,795,10.2,2023-09-09 07:44:57+00:00,2023-09-09T08:44:57Z,"[51.675948249176145, -0.6075007282197475]",,100.6,121.0,161.8,154.0,1.479,2.636,,,,(GMT+00:00) Europe/London
9973593481,Walk,Evening Walk,1582.5,483,729,2.0,2023-09-08 18:43:12+00:00,2023-09-08T19:43:12Z,"[51.519034914672375, -0.1312620285898447]",,119.9,133.0,28.6,26.2,3.276,2.913,,,,(GMT+00:00) Europe/London
9973721762,Walk,myhotel Bloomsbury,1582.5,1111,1336,0.0,2023-09-08 18:33:07+00:00,2023-09-08T19:33:07Z,"[51.519034914672375, -0.1312620285898447]",,115.5,133.0,27.7,25.5,1.424,2.608,,,,(GMT+00:00) Europe/London
9973721849,Run,Amersham on the Hill,7505.9,3536,3546,38.2,2023-09-08 05:42:26+00:00,2023-09-08T06:42:26Z,"[51.6754150763154, -0.607643136754632]",,148.0,158.0,153.0,145.6,2.123,3.208,,,,(GMT+00:00) Europe/London
9973593503,Walk,Afternoon Walk,3045.1,1996,2058,33.0,2023-09-07 16:24:31+00:00,2023-09-07T17:24:31Z,"[51.6759386099875, -0.607600137591362]",,94.9,122.0,169.0,148.6,1.526,3.44,,,,(GMT+00:00) Europe/London
9973721886,Walk,Amersham on the Hill,3045.1,2014,2077,19.9,2023-09-07 16:24:13+00:00,2023-09-07T17:24:13Z,"[51.6759386099875, -0.607600137591362]",,94.6,123.0,164.3,147.4,1.512,3.44,,,,(GMT+00:00) Europe/London
9973593428,Workout,Mixed Cardio,0.0,369,369,0.0,2023-09-06 21:46:59+00:00,2023-09-06T22:46:59Z,[],,87.9,102.0,0.0,0.0,0.0,0.0,,,,(GMT+01:00) Africa/Algiers
9973593483,Walk,Amersham on the Hill,3864.0,2901,3015,38.8,2023-09-05 18:17:39+00:00,2023-09-05T19:17:39Z,"[51.67590566910803, -0.6076415441930294]",,92.1,106.0,162.6,148.4,1.332,2.457,,,,(GMT+00:00) Europe/London
9973593355,Walk,Amersham on the Hill,582.3,355,690,4.8,2023-09-04 11:48:10+00:00,2023-09-04T12:48:10Z,"[51.67631101794541, -0.6075529474765062]",,98.6,111.0,160.0,153.8,1.64,2.63,,,,(GMT+00:00) Europe/London
9973721953,Workout,Water Sports,0.0,2544,2544,0.0,2023-09-01 18:20:29+00:00,2023-09-01T14:20:29Z,[],,96.7,138.0,0.0,0.0,0.0,0.0,,,,(GMT-04:00) America/Anguilla
9973721967,Workout,Water Sports,0.0,2922,2922,0.0,2023-08-29 15:54:46+00:00,2023-08-29T11:54:46Z,[],,86.5,138.0,0.0,0.0,0.0,0.0,,,,(GMT-04:00) America/Anguilla
9973722025,Walk,Indoor Walking,509.7,650,650,0.0,2023-08-29 01:10:46+00:00,2023-08-28T21:10:46Z,[],,81.5,95.0,0.0,0.0,0.784,4.816,,,,(GMT-04:00) America/Anguilla
9973722029,Workout,Water Sports,0.0,823,823,0.0,2023-08-28 13:57:18+00:00,2023-08-28T09:57:18Z,[],,110.1,149.0,0.0,0.0,0.0,0.0,,,,(GMT-04:00) America/Anguilla
9973722070,Workout,Water Sports,0.0,2401,2401,0.0,2023-08-27 15:59:49+00:00,2023-08-27T11:59:49Z,[],,96.5,126.0,0.0,0.0,0.0,0.0,,,,(GMT-04:00) America/Anguilla
9973722078,Workout,Water Sports,0.0,2433,2433,0.0,2023-08-25 11:42:57+00:00,2023-08-25T07:42:57Z,[],,86.3,115.0,0.0,0.0,0.0,0.0,,,,(GMT-04:00) America/Anguilla
9973722094,Run,The Beaches - Leslieville,10003.4,3484,3492,11.2,2023-08-24 11:22:26+00:00,2023-08-24T07:22:26Z,"[43.6707164067775, -79.28275586105883]",,169.3,190.0,81.8,76.0,2.871,5.257,,,,(GMT-05:00) America/Toronto
9973722119,WeightTraining,Traditional Strength Training,0.0,2668,2668,0.0,2023-08-23 05:29:32+00:00,2023-08-23T06:29:32Z,[],,108.6,157.0,0.0,0.0,0.0,0.0,,,,(GMT+01:00) Africa/Algiers
9973722127,WeightTraining,Traditional Strength Training,0.0,3135,3135,0.0,2023-08-22 06:38:40+00:00,2023-08-22T07:38:40Z,[],,132.5,186.0,0.0,0.0,0.0,0.0,,,,(GMT+01:00) Africa/Algiers
9973722115,Run,Monday Morning Run,4000.0,1504,1504,0.0,2023-08-21 06:18:31+00:00,2023-08-20T23:18:31Z,[],,,,0.0,0.0,2.66,2.66,,,,(GMT-08:00) America/Los_Angeles
9973722149,WeightTraining,Traditional Strength Training,0.0,2903,2903,0.0,2023-08-21 05:29:34+00:00,2023-08-21T06:29:34Z,[],,100.3,144.0,0.0,0.0,0.0,0.0,,,,(GMT+01:00) Africa/Algiers
9973722255,Walk,Amersham on the Hill,3243.2,2072,2072,17.0,2023-08-20 16:13:50+00:00,2023-08-20T17:13:50Z,"[51.6758865583688, -0.6075704656541348]",,92.5,103.0,156.8,147.4,1.565,2.238,,,,(GMT+00:00) Europe/London
9973722272,Walk,Amersham on the Hill,1405.9,962,962,9.4,2023-08-19 06:11:46+00:00,2023-08-19T07:11:46Z,"[51.68059324845672, -0.591565640643239]",,122.0,179.0,156.8,147.4,1.461,2.244,,,,(GMT+00:00) Europe/London
9973722286,Run,Amersham on the Hill,5010.2,1678,1678,18.6,2023-08-19 05:43:22+00:00,2023-08-19T06:43:22Z,"[51.67610004544258, -0.6076083518564701]",,167.3,189.0,168.9,147.4,2.986,4.549,,,,(GMT+00:00) Europe/London
9973722343,Walk,Amersham on the Hill - Little Chalfont,4818.3,3490,3622,22.2,2023-08-18 18:21:48+00:00,2023-08-18T19:21:48Z,"[51.67745355516672, -0.6068326905369759]",,92.7,118.0,156.8,136.7,1.381,2.388,,,,(GMT+00:00) Europe/London
9973722291,WeightTraining,Traditional Strength Training,0.0,3170,3170,0.0,2023-08-17 05:24:27+00:00,2023-08-17T06:24:27Z,[],,106.6,141.0,0.0,0.0,0.0,0.0,,,,(GMT+01:00) Africa/Algiers
9973722363,Walk,Amersham on the Hill,2117.9,1299,1586,9.9,2023-08-16 12:32:05+00:00,2023-08-16T13:32:05Z,"[51.67596258223057, -0.6076061725616455]",,104.7,119.0,157.8,152.9,1.63,2.398,,,,(GMT+00:00) Europe/London
9973722337,WeightTraining,Traditional Strength Training,0.0,2962,2962,0.0,2023-08-16 06:06:24+00:00,2023-08-16T07:06:24Z,[],,115.7,159.0,0.0,0.0,0.0,0.0,,,,(GMT+01:00) Africa/Algiers
9973722365,Walk,Indoor Walking,448.3,378,378,0.0,2023-08-16 05:59:42+00:00,2023-08-16T06:59:42Z,[],,125.1,139.0,0.0,0.0,1.186,2.694,,,,(GMT+01:00) Africa/Algiers
9973722444,Walk,Amersham on the Hill,3794.3,2400,2400,31.7,2023-08-15 14:10:43+00:00,2023-08-15T15:10:43Z,"[51.67447973974049, -0.6079369224607944]",,99.5,111.0,160.4,138.3,1.581,2.258,,,,(GMT+00:00) Europe/London
9973722579,Walk,Amersham on the Hill,3472.9,2247,2247,22.8,2023-08-14 15:50:33+00:00,2023-08-14T16:50:33Z,"[51.67589292861521, -0.6076296418905258]",,92.6,101.0,164.3,147.4,1.546,2.24,,,,(GMT+00:00) Europe/London
9973722554,WeightTraining,Traditional Strength Training,0.0,2619,2619,0.0,2023-08-14 07:08:22+00:00,2023-08-14T08:08:22Z,[],,122.3,174.0,0.0,0.0,0.0,0.0,,,,(GMT+01:00) Africa/Algiers
9973722713,Run,Amersham on the Hill - Little Chalfont,16013.8,6643,6673,80.6,2023-08-13 12:47:26+00:00,2023-08-13T13:47:26Z,"[51.677269069477916, -0.6076726410537958]",,154.5,168.0,168.9,136.7,2.411,5.174,,,,(GMT+00:00) Europe/London
9973722724,Run,Amersham on the Hill - Little Chalfont,10002.4,3737,3741,44.1,2023-08-12 07:16:09+00:00,2023-08-12T08:16:09Z,"[51.676173973828554, -0.6076052505522966]",,165.4,186.0,168.6,136.7,2.677,4.336,,,,(GMT+00:00) Europe/London
9973722755,Walk,Amersham on the Hill,3232.7,1882,1882,18.3,2023-08-11 15:15:05+00:00,2023-08-11T16:15:05Z,"[51.675968784838915, -0.6075389496982098]",,111.7,123.0,166.4,152.9,1.718,2.552,,,,(GMT+00:00) Europe/London
9973722775,WeightTraining,Traditional Strength Training,0.0,2739,2739,0.0,2023-08-10 06:43:25+00:00,2023-08-10T07:43:25Z,[],,121.2,153.0,0.0,0.0,0.0,0.0,,,,(GMT+01:00) Africa/Algiers
9973722844,Run,Thursday Morning Run,5003.9,2204,2204,0.0,2023-08-10 06:06:04+00:00,2023-08-09T23:06:04Z,[],,150.3,162.0,0.0,0.0,2.27,2.793,,,,(GMT-08:00) America/Los_Angeles
9973723018,Walk,Amersham on the Hill,5456.0,3594,3617,26.4,2023-08-09 16:44:10+00:00,2023-08-09T17:44:10Z,"[51.67587800882757, -0.6076126266270876]",,98.3,110.0,168.6,152.9,1.518,2.7,,,,(GMT+00:00) Europe/London
9973722982,WeightTraining,Traditional Strength Training,0.0,3371,3371,0.0,2023-08-08 06:32:09+00:00,2023-08-08T07:32:09Z,[],,135.2,187.0,0.0,0.0,0.0,0.0,,,,(GMT+01:00) Africa/Algiers
9973722951,Run,Tuesday Morning Run,1900.0,900,900,0.0,2023-08-08 06:15:29+00:00,2023-08-07T23:15:29Z,[],,,,0.0,0.0,2.111,2.111,,,,(GMT-08:00) America/Los_Angeles
9973723016,Walk,Indoor Walking,1915.1,1518,1518,0.0,2023-08-08 06:06:17+00:00,2023-08-08T07:06:17Z,[],,140.4,156.0,0.0,0.0,1.262,3.62,,,,(GMT+01:00) Africa/Algiers
9973723031,Walk,Amersham on the Hill,2341.1,1517,1587,14.9,2023-08-07 16:04:56+00:00,2023-08-07T17:04:56Z,"[51.67604070156813, -0.6076904106885195]",,91.9,101.0,157.0,147.4,1.543,2.548,,,,(GMT+00:00) Europe/London
9973723078,WeightTraining,Traditional Strength Training,0.0,4050,4050,0.0,2023-08-07 06:22:19+00:00,2023-08-07T07:22:19Z,[],,116.8,148.0,0.0,0.0,0.0,0.0,,,,(GMT+01:00) Africa/Algiers
9973723083,Run,Monday Morning Run,4000.0,1800,1800,0.0,2023-08-07 06:15:26+00:00,2023-08-06T23:15:26Z,[],,,,0.0,0.0,2.222,2.222,,,,(GMT-08:00) America/Los_Angeles
9973723157,Walk,Amersham on the Hill - Amersham,2880.4,2268,2286,75.8,2023-08-06 15:28:22+00:00,2023-08-06T16:28:22Z,"[51.674634804949164, -0.607762997969985]",,107.9,133.0,155.6,91.3,1.27,2.644,,,,(GMT+00:00) Europe/London
9973723128,WeightTraining,Traditional Strength Training,0.0,3293,3293,0.0,2023-08-06 09:32:02+00:00,2023-08-06T10:32:02Z,[],,136.5,182.0,0.0,0.0,0.0,0.0,,,,(GMT+01:00) Africa/Algiers
9973723152,Ride,Indoor Cycling,0.0,2735,2735,0.0,2023-08-06 08:46:15+00:00,2023-08-06T09:46:15Z,[],,141.5,155.0,0.0,0.0,0.0,0.0,,,,(GMT+01:00) Africa/Algiers
9973723275,Walk,Amersham on the Hill,5286.0,3402,3685,27.0,2023-08-05 14:42:17+00:00,2023-08-05T15:42:17Z,"[51.67588538490236, -0.6076801009476185]",,96.4,121.0,168.6,152.9,1.554,2.6,,,,(GMT+00:00) Europe/London
9973723308,Walk,Amersham on the Hill,4286.6,2718,2718,23.6,2023-08-04 15:10:51+00:00,2023-08-04T16:10:51Z,"[51.67591765522957, -0.6075749080628157]",,91.0,108.0,168.9,152.8,1.577,2.4,,,,(GMT+00:00) Europe/London
9973723296,WeightTraining,Traditional Strength Training,0.0,3125,3125,0.0,2023-08-03 06:43:46+00:00,2023-08-03T07:43:46Z,[],,129.4,158.0,0.0,0.0,0.0,0.0,,,,(GMT+01:00) Africa/Algiers
9973723350,Run,Thursday Morning Run,2428.9,1042,1048,0.0,2023-08-03 06:25:52+00:00,2023-08-02T23:25:52Z,[],,144.4,156.0,0.0,0.0,2.331,2.788,,,,(GMT-08:00) America/Los_Angeles
9973723434,Run,Amersham on the Hill,4389.3,1798,1802,18.5,2023-08-02 06:37:36+00:00,2023-08-02T07:37:36Z,"[51.67666372843087, -0.6075356807559729]",,160.9,177.0,168.6,152.5,2.441,4.264,,,,(GMT+00:00) Europe/London
9973723517,Run,Amersham on the Hill,7309.3,2724,2735,30.7,2023-08-01 06:22:18+00:00,2023-08-01T07:22:18Z,"[51.676077246665955, -0.6075062602758408]",,165.3,193.0,168.9,145.6,2.683,4.484,,,,(GMT+00:00) Europe/London
9973723497,WeightTraining,Traditional Strength Training,0.0,3638,3638,0.0,2023-07-31 06:29:30+00:00,2023-07-31T07:29:30Z,[],,105.5,139.0,0.0,0.0,0.0,0.0,,,,(GMT+01:00) Africa/Algiers
9973723490,Run,Monday Morning Run,3000.0,1200,1200,0.0,2023-07-31 06:20:46+00:00,2023-07-30T23:20:46Z,[],,,,0.0,0.0,2.5,2.5,,,,(GMT-08:00) America/Los_Angeles
9973723630,Run,York Place - Joppa,15013.7,6195,6205,110.1,2023-07-29 05:34:10+00:00,2023-07-29T06:34:10Z,"[55.961876437067986, -3.1919578090310097]",,153.0,170.0,57.8,6.8,2.424,4.316,,,,(GMT+00:00) Europe/London
9973723593,Walk,York Place,1135.8,908,936,0.0,2023-07-28 17:14:53+00:00,2023-07-28T18:14:53Z,"[55.95416223630309, -3.191783716902137]",,94.5,109.0,76.2,33.9,1.251,1.933,,,,(GMT+00:00) Europe/London
9973723646,Walk,Spitalfields,789.4,555,576,2.1,2023-07-28 07:28:41+00:00,2023-07-28T08:28:41Z,"[51.52070031501353, -0.07896356284618378]",,124.4,131.0,16.9,14.7,1.422,3.05,,,,(GMT+00:00) Europe/London
9973723651,WeightTraining,Traditional Strength Training,0.0,2839,2839,0.0,2023-07-27 06:39:52+00:00,2023-07-27T07:39:52Z,[],,124.5,157.0,0.0,0.0,0.0,0.0,,,,(GMT+01:00) Africa/Algiers
9973723694,Run,Thursday Morning Run,2009.3,761,761,0.0,2023-07-27 06:26:48+00:00,2023-07-26T23:26:48Z,[],,146.6,161.0,0.0,0.0,2.64,3.172,,,,(GMT-08:00) America/Los_Angeles
9973723696,WeightTraining,Traditional Strength Training,0.0,4443,4443,0.0,2023-07-26 17:11:07+00:00,2023-07-26T18:11:07Z,[],,134.7,183.0,0.0,0.0,0.0,0.0,,,,(GMT+01:00) Africa/Algiers
9973723700,Ride,Indoor Cycling,0.0,2312,2312,0.0,2023-07-26 16:31:56+00:00,2023-07-26T17:31:56Z,[],,131.3,151.0,0.0,0.0,0.0,0.0,,,,(GMT+01:00) Africa/Algiers
9973723757,WeightTraining,Traditional Strength Training,0.0,2978,2978,0.0,2023-07-25 06:41:16+00:00,2023-07-25T07:41:16Z,[],,118.8,157.0,0.0,0.0,0.0,0.0,,,,(GMT+01:00) Africa/Algiers
9973723755,Run,Tuesday Morning Run,3300.3,1261,1261,0.0,2023-07-25 06:19:47+00:00,2023-07-24T23:19:47Z,[],,150.9,163.0,0.0,0.0,2.617,3.352,,,,(GMT-08:00) America/Los_Angeles
9973723824,Walk,Amersham on the Hill - Little Chalfont,4328.3,2765,2831,23.7,2023-07-24 17:59:37+00:00,2023-07-24T18:59:37Z,"[51.67582394555211, -0.607474073767662]",,93.2,103.0,156.8,136.7,1.565,2.346,,,,(GMT+00:00) Europe/London
9973735333,Walk,Amersham on the Hill - Little Chalfont,4366.3,2914,2914,21.3,2023-07-23 17:21:53+00:00,2023-07-23T18:21:53Z,"[51.67596040293574, -0.6077234353870153]",,98.4,107.0,156.9,136.7,1.498,2.308,,,,(GMT+00:00) Europe/London
9973735428,Walk,Amersham on the Hill,3911.3,2701,2701,27.6,2023-07-21 17:21:10+00:00,2023-07-21T18:21:10Z,"[51.675873985514045, -0.6076981220394373]",,88.8,100.0,164.3,147.4,1.448,2.356,,,,(GMT+00:00) Europe/London
9973735402,WeightTraining,Traditional Strength Training,0.0,2579,2579,0.0,2023-07-20 06:32:26+00:00,2023-07-20T07:32:26Z,[],,125.7,154.0,0.0,0.0,0.0,0.0,,,,(GMT+01:00) Africa/Algiers
9973726323,Run,Thursday Morning Run,2128.0,931,931,0.0,2023-07-20 06:16:21+00:00,2023-07-19T23:16:21Z,[],,146.9,158.0,0.0,0.0,2.286,3.044,,,,(GMT-08:00) America/Los_Angeles
9973726328,Run,Amersham on the Hill,5020.1,1686,1711,17.7,2023-07-19 06:11:38+00:00,2023-07-19T07:11:38Z,"[51.676408583298326, -0.6076205056160688]",,173.9,191.0,168.9,150.7,2.977,5.245,,,,(GMT+00:00) Europe/London
9973735376,WeightTraining,Traditional Strength Training,0.0,3622,3622,0.0,2023-07-18 06:30:43+00:00,2023-07-18T07:30:43Z,[],,130.5,182.0,0.0,0.0,0.0,0.0,,,,(GMT+01:00) Africa/Algiers
9973735450,Ride,Indoor Cycling,0.0,1368,1368,0.0,2023-07-18 06:06:09+00:00,2023-07-18T07:06:09Z,[],,142.2,155.0,0.0,0.0,0.0,0.0,,,,(GMT+01:00) Africa/Algiers
9973735490,WeightTraining,Traditional Strength Training,0.0,2690,2690,0.0,2023-07-17 06:44:43+00:00,2023-07-17T07:44:43Z,[],,118.0,151.0,0.0,0.0,0.0,0.0,,,,(GMT+01:00) Africa/Algiers
9973726370,Run,Monday Morning Run,2402.9,1042,1042,0.0,2023-07-17 06:26:44+00:00,2023-07-16T23:26:44Z,[],,142.2,152.0,0.0,0.0,2.306,2.74,,,,(GMT-08:00) America/Los_Angeles
9973735497,Walk,Amersham on the Hill,3496.5,2493,2493,13.5,2023-07-16 10:23:20+00:00,2023-07-16T11:23:20Z,"[51.67768942192197, -0.6077504251152277]",,97.3,112.0,168.9,153.2,1.403,2.064,,,,(GMT+00:00) Europe/London
9973726462,Run,Amersham on the Hill - Little Chalfont,12584.4,5315,5324,55.4,2023-07-15 06:39:18+00:00,2023-07-15T07:39:18Z,"[51.676452001556754, -0.6075842119753361]",,150.7,183.0,168.9,136.7,2.368,5.784,,,,(GMT+00:00) Europe/London
9973726444,Run,Amersham on the Hill - Chesham,7591.5,3350,3353,86.1,2023-07-14 06:17:38+00:00,2023-07-14T07:17:38Z,"[51.67666498571634, -0.6074612494558096]",,151.5,188.0,166.4,108.0,2.266,4.578,,,,(GMT+00:00) Europe/London
9973735607,WeightTraining,Traditional Strength Training,0.0,2947,2947,0.0,2023-07-13 06:44:59+00:00,2023-07-13T07:44:59Z,[],,128.4,161.0,0.0,0.0,0.0,0.0,,,,(GMT+01:00) Africa/Algiers
9973726498,Run,Thursday Morning Run,3404.5,1368,1368,0.0,2023-07-13 06:20:54+00:00,2023-07-12T23:20:54Z,[],,159.0,174.0,0.0,0.0,2.489,2.952,,,,(GMT-08:00) America/Los_Angeles
9973735568,Walk,Amersham on the Hill - Amersham,2982.6,2331,2418,76.0,2023-07-12 18:39:31+00:00,2023-07-12T19:39:31Z,"[51.67558196000755, -0.6074915919452906]",,96.1,123.0,155.6,91.3,1.28,2.538,,,,(GMT+00:00) Europe/London
9973735610,WeightTraining,Traditional Strength Training,0.0,2787,2787,0.0,2023-07-11 06:44:39+00:00,2023-07-11T07:44:39Z,[],,127.3,156.0,0.0,0.0,0.0,0.0,,,,(GMT+01:00) Africa/Algiers
9973726499,Run,Tuesday Morning Run,2503.6,974,974,0.0,2023-07-11 06:27:56+00:00,2023-07-10T23:27:56Z,[],,160.6,181.0,0.0,0.0,2.57,3.202,,,,(GMT-08:00) America/Los_Angeles
9973735654,Walk,Amersham on the Hill,2328.7,1609,1609,10.2,2023-07-10 17:52:53+00:00,2023-07-10T18:52:53Z,"[51.67580584064126, -0.6076532788574696]",,92.8,102.0,157.7,149.2,1.447,2.9,,,,(GMT+00:00) Europe/London
9973735667,Walk,Stowe,3189.6,2429,2465,13.9,2023-07-09 15:53:47+00:00,2023-07-09T16:53:47Z,"[52.06031324341893, -1.0293760802596807]",,104.0,126.0,155.1,118.5,1.313,1.898,,,,(GMT+00:00) Europe/London
9973735727,Walk,"Abbey corner, Silverstone",1055.4,1000,1538,0.0,2023-07-07 11:01:57+00:00,2023-07-07T12:01:57Z,"[52.07116747274995, -1.020771050825715]",,96.2,113.0,153.1,151.2,1.055,2.154,,,,(GMT+00:00) Europe/London
9973735741,WeightTraining,Traditional Strength Training,0.0,2491,2491,0.0,2023-07-06 06:45:45+00:00,2023-07-06T07:45:45Z,[],,126.3,166.0,0.0,0.0,0.0,0.0,,,,(GMT+01:00) Africa/Algiers
9973726518,Run,Thursday Morning Run,2514.2,989,989,0.0,2023-07-06 06:28:49+00:00,2023-07-05T23:28:49Z,[],,156.8,171.0,0.0,0.0,2.542,2.972,,,,(GMT-08:00) America/Los_Angeles
9973735752,Walk,Amersham on the Hill,3729.5,2473,2810,19.1,2023-07-05 13:58:39+00:00,2023-07-05T14:58:39Z,"[51.67585571296513, -0.6076977867633104]",,97.8,123.0,166.4,152.7,1.508,2.54,,,,(GMT+00:00) Europe/London
9973735835,WeightTraining,Traditional Strength Training,0.0,2527,2527,0.0,2023-07-04 06:46:27+00:00,2023-07-04T07:46:27Z,[],,128.2,166.0,0.0,0.0,0.0,0.0,,,,(GMT+01:00) Africa/Algiers
9973726504,Run,Tuesday Morning Run,2546.1,944,944,0.0,2023-07-04 06:30:18+00:00,2023-07-03T23:30:18Z,[],,157.0,181.0,0.0,0.0,2.697,3.66,,,,(GMT-08:00) America/Los_Angeles
9973726600,Run,Amersham on the Hill - Amersham,6037.2,2169,2178,21.7,2023-07-03 15:17:52+00:00,2023-07-03T16:17:52Z,"[51.67616450227797, -0.6075910851359367]",,162.4,177.0,168.9,153.7,2.783,4.105,,,,(GMT+00:00) Europe/London
9973735827,WeightTraining,Traditional Strength Training,0.0,3785,3785,0.0,2023-07-02 09:28:33+00:00,2023-07-02T10:28:33Z,[],,129.4,171.0,0.0,0.0,0.0,0.0,,,,(GMT+01:00) Africa/Algiers
9973735797,Ride,Indoor Cycling,0.0,1561,1561,0.0,2023-07-02 09:02:21+00:00,2023-07-02T10:02:21Z,[],,145.4,172.0,0.0,0.0,0.0,0.0,,,,(GMT+01:00) Africa/Algiers
9973726672,Run,Amersham on the Hill - Chalfont & Latimer Station,10001.4,3872,3880,43.4,2023-07-01 06:24:38+00:00,2023-07-01T07:24:38Z,"[51.674952395260334, -0.6076438911259174]",,161.8,183.0,166.4,122.7,2.583,4.048,,,,(GMT+00:00) Europe/London
9973726659,Run,Amersham on the Hill,5248.3,1749,1749,25.6,2023-06-30 06:12:16+00:00,2023-06-30T07:12:16Z,"[51.67557701468468, -0.6076089385896921]",,175.8,186.0,153.0,145.6,3.001,4.888,,,,(GMT+00:00) Europe/London
9973735857,WeightTraining,Traditional Strength Training,0.0,2569,2569,0.0,2023-06-29 06:45:39+00:00,2023-06-29T07:45:39Z,[],,128.8,167.0,0.0,0.0,0.0,0.0,,,,(GMT+01:00) Africa/Algiers
9973726692,Run,Thursday Morning Run,1544.7,604,604,0.0,2023-06-29 06:35:03+00:00,2023-06-28T23:35:03Z,[],,157.2,176.0,0.0,0.0,2.557,3.104,,,,(GMT-08:00) America/Los_Angeles
9973726708,Run,Amersham on the Hill - Little Chalfont,6060.6,2263,2267,29.7,2023-06-28 15:58:43+00:00,2023-06-28T16:58:43Z,"[51.675800643861294, -0.6076187454164028]",,166.6,178.0,166.4,136.7,2.678,3.853,,,,(GMT+00:00) Europe/London
9973735848,WeightTraining,Traditional Strength Training,0.0,2597,2597,0.0,2023-06-27 06:44:37+00:00,2023-06-27T07:44:37Z,[],,120.2,152.0,0.0,0.0,0.0,0.0,,,,(GMT+01:00) Africa/Algiers
9973726759,Run,Tuesday Morning Run,3002.7,1220,1220,0.0,2023-06-27 06:23:37+00:00,2023-06-26T23:23:37Z,[],,149.1,164.0,0.0,0.0,2.461,2.98,,,,(GMT-08:00) America/Los_Angeles
9973735958,Walk,Amersham on the Hill - Amersham,2910.1,2272,2389,76.1,2023-06-26 16:34:22+00:00,2023-06-26T17:34:22Z,"[51.67482909746468, -0.6076579727232456]",,92.7,119.0,155.6,91.3,1.281,2.498,,,,(GMT+00:00) Europe/London
9973735941,WeightTraining,Traditional Strength Training,0.0,3119,3119,0.0,2023-06-25 09:38:26+00:00,2023-06-25T10:38:26Z,[],,138.7,177.0,0.0,0.0,0.0,0.0,,,,(GMT+01:00) Africa/Algiers
9973735937,Ride,Indoor Cycling,0.0,662,662,0.0,2023-06-25 09:20:13+00:00,2023-06-25T10:20:13Z,[],,143.3,159.0,0.0,0.0,0.0,0.0,,,,(GMT+01:00) Africa/Algiers
9973726770,Run,Amersham on the Hill - Little Chalfont,5513.3,2028,2258,36.5,2023-06-24 08:38:33+00:00,2023-06-24T09:38:33Z,"[51.675764014944434, -0.6075961142778397]",,171.6,182.0,164.2,136.7,2.719,3.608,,,,(GMT+00:00) Europe/London
9973726798,Run,Amersham on the Hill - Little Chalfont,6036.2,2194,2510,33.4,2023-06-23 14:28:47+00:00,2023-06-23T15:28:47Z,"[51.67607699520886, -0.6076027359813452]",,169.7,181.0,166.4,136.7,2.751,3.939,,,,(GMT+00:00) Europe/London
9973735947,WeightTraining,Traditional Strength Training,0.0,2226,2226,0.0,2023-06-22 06:33:51+00:00,2023-06-22T07:33:51Z,[],,132.1,157.0,0.0,0.0,0.0,0.0,,,,(GMT+01:00) Africa/Algiers
9973726781,Run,Thursday Morning Run,2500.0,900,900,0.0,2023-06-22 06:16:19+00:00,2023-06-21T23:16:19Z,[],,,,0.0,0.0,2.778,2.778,,,,(GMT-08:00) America/Los_Angeles
9973736044,Walk,Amersham on the Hill,3339.0,2193,2333,18.6,2023-06-21 14:54:38+00:00,2023-06-21T15:54:38Z,"[51.67590877041221, -0.6077269557863474]",,100.7,124.0,166.4,153.0,1.523,2.37,,,,(GMT+00:00) Europe/London
9973736005,WeightTraining,Traditional Strength Training,0.0,2172,2172,0.0,2023-06-20 07:05:37+00:00,2023-06-20T08:05:37Z,[],,122.4,146.0,0.0,0.0,0.0,0.0,,,,(GMT+01:00) Africa/Algiers
9973726853,Run,Tuesday Morning Run,1600.0,570,570,0.0,2023-06-20 06:46:46+00:00,2023-06-19T23:46:46Z,[],,,,0.0,0.0,2.807,2.807,,,,(GMT-08:00) America/Los_Angeles
9973736090,Walk,Amersham on the Hill,2703.3,1799,1927,16.2,2023-06-19 17:00:11+00:00,2023-06-19T18:00:11Z,"[51.6757863946259, -0.6075350102037191]",,100.1,110.0,166.4,152.6,1.503,2.538,,,,(GMT+00:00) Europe/London
9973736071,WeightTraining,Traditional Strength Training,0.0,3251,3251,0.0,2023-06-18 09:35:42+00:00,2023-06-18T10:35:42Z,[],,129.7,158.0,0.0,0.0,0.0,0.0,,,,(GMT+01:00) Africa/Algiers
9973726876,Run,Amersham on the Hill - Little Chalfont,9530.6,3551,3554,47.7,2023-06-18 07:54:33+00:00,2023-06-18T08:54:33Z,"[51.6759729757905, -0.6077751517295837]",,169.0,178.0,166.4,136.7,2.684,3.672,,,,(GMT+00:00) Europe/London
9973736115,Workout,Core Training,0.0,1366,1366,0.0,2023-06-17 21:16:56+00:00,2023-06-17T22:16:56Z,[],,100.9,120.0,0.0,0.0,0.0,0.0,,,,(GMT+01:00) Africa/Algiers
9973736145,Walk,Amersham on the Hill,2148.8,1544,1906,2.8,2023-06-17 11:41:01+00:00,2023-06-17T12:41:01Z,"[51.68173109181225, -0.6028345227241516]",,106.1,114.0,156.8,153.0,1.392,2.48,,,,(GMT+00:00) Europe/London
9973736194,WeightTraining,Traditional Strength Training,0.0,2628,2628,0.0,2023-06-15 06:44:43+00:00,2023-06-15T07:44:43Z,[],,127.6,160.0,0.0,0.0,0.0,0.0,,,,(GMT+01:00) Africa/Algiers
9973726903,Run,Thursday Morning Run,2000.0,690,690,0.0,2023-06-15 06:31:01+00:00,2023-06-14T23:31:01Z,[],,,,0.0,0.0,2.899,2.899,,,,(GMT-08:00) America/Los_Angeles
9973736197,Walk,Amersham on the Hill,1978.4,1455,1625,5.4,2023-06-14 19:56:16+00:00,2023-06-14T20:56:16Z,"[51.678593158721924, -0.6043950654566288]",,100.1,111.0,156.8,149.2,1.36,2.508,,,,(GMT+00:00) Europe/London
9973736203,Walk,Amersham on the Hill,3155.7,2015,2037,18.5,2023-06-14 15:56:42+00:00,2023-06-14T16:56:42Z,"[51.67592209763825, -0.6073658633977175]",,111.1,125.0,166.1,153.1,1.566,2.748,,,,(GMT+00:00) Europe/London
9973736223,WeightTraining,Traditional Strength Training,0.0,2557,2557,0.0,2023-06-13 06:44:56+00:00,2023-06-13T07:44:56Z,[],,122.4,148.0,0.0,0.0,0.0,0.0,,,,(GMT+01:00) Africa/Algiers
9973726912,Run,Tuesday Morning Run,2000.0,721,721,0.0,2023-06-13 06:31:19+00:00,2023-06-12T23:31:19Z,[],,,,0.0,0.0,2.774,2.774,,,,(GMT-08:00) America/Los_Angeles
9973736339,Walk,Amersham on the Hill - Amersham,2354.3,1969,1969,68.9,2023-06-12 18:44:40+00:00,2023-06-12T19:44:40Z,"[51.67214789427817, -0.6113666296005249]",,105.9,134.0,152.8,91.3,1.196,2.86,,,,(GMT+00:00) Europe/London
9973736288,Walk,Indoor Walking,1000.5,753,753,0.0,2023-06-11 07:59:55+00:00,2023-06-11T08:59:55Z,[],,122.2,136.0,0.0,0.0,1.329,2.5,,,,(GMT+01:00) Africa/Algiers
9973736320,WeightTraining,Traditional Strength Training,0.0,2504,2504,0.0,2023-06-11 07:17:58+00:00,2023-06-11T08:17:58Z,[],,124.9,160.0,0.0,0.0,0.0,0.0,,,,(GMT+01:00) Africa/Algiers
9973736354,Ride,Indoor Cycling,0.0,227,227,0.0,2023-06-11 07:13:39+00:00,2023-06-11T08:13:39Z,[],,143.2,155.0,0.0,0.0,0.0,0.0,,,,(GMT+01:00) Africa/Algiers
9973736410,Walk,Amersham on the Hill,2256.7,1594,1594,3.9,2023-06-11 06:45:29+00:00,2023-06-11T07:45:29Z,"[51.68074185959995, -0.6030984688550234]",,106.7,120.0,155.0,150.0,1.416,2.428,,,,(GMT+00:00) Europe/London
9973736467,Walk,Amersham on the Hill - Amersham,4454.0,3375,3492,82.6,2023-06-10 18:29:07+00:00,2023-06-10T19:29:07Z,"[51.674427604302764, -0.6078520137816668]",,106.8,132.0,156.8,91.3,1.32,3.202,,,,(GMT+00:00) Europe/London
9973736457,Walk,Amersham on the Hill,3708.7,2694,2719,19.3,2023-06-09 19:06:07+00:00,2023-06-09T20:06:07Z,"[51.67591396719217, -0.6076186615973711]",,108.3,124.0,166.4,149.2,1.377,2.298,,,,(GMT+00:00) Europe/London
9973726909,Run,Thursday Morning Run,2500.0,977,977,0.0,2023-06-08 07:28:49+00:00,2023-06-08T00:28:49Z,[],,,,0.0,0.0,2.559,2.559,,,,(GMT-08:00) America/Los_Angeles
9973736481,WeightTraining,Traditional Strength Training,0.0,2383,2383,0.0,2023-06-08 06:48:37+00:00,2023-06-08T07:48:37Z,[],,125.5,158.0,0.0,0.0,0.0,0.0,,,,(GMT+01:00) Africa/Algiers
9973726935,Run,Thursday Morning Run,1502.0,594,594,0.0,2023-06-08 06:37:32+00:00,2023-06-07T23:37:32Z,[],,147.0,163.0,0.0,0.0,2.529,3.098,,,,(GMT-08:00) America/Los_Angeles
9973727031,Run,Amersham on the Hill - Little Chalfont,6012.5,2246,2431,77.7,2023-06-07 15:17:46+00:00,2023-06-07T16:17:46Z,"[51.675784550607204, -0.6077023968100548]",,166.3,178.0,164.3,89.1,2.677,4.696,,,,(GMT+00:00) Europe/London
9973736475,WeightTraining,Traditional Strength Training,0.0,2652,2652,0.0,2023-06-06 06:59:50+00:00,2023-06-06T07:59:50Z,[],,116.9,144.0,0.0,0.0,0.0,0.0,,,,(GMT+01:00) Africa/Algiers
9973726997,Run,Running,5001.1,2049,2049,0.0,2023-06-06 06:24:17+00:00,2023-06-05T23:24:17Z,[],,150.3,166.0,0.0,0.0,2.441,3.054,,,,(GMT-08:00) America/Los_Angeles
9973727042,Run,Amersham on the Hill - Little Chalfont,5035.5,1814,1822,27.6,2023-06-05 15:26:24+00:00,2023-06-05T16:26:24Z,"[51.6761389374733, -0.6076226010918617]",,162.4,177.0,164.2,136.7,2.776,4.56,,,,(GMT+00:00) Europe/London
9973736499,WeightTraining,Traditional Strength Training,0.0,3587,3587,0.0,2023-06-04 09:44:36+00:00,2023-06-04T10:44:36Z,[],,136.6,174.0,0.0,0.0,0.0,0.0,,,,(GMT+01:00) Africa/Algiers
9973736537,Ride,Indoor Cycling,0.0,688,688,0.0,2023-06-04 09:30:57+00:00,2023-06-04T10:30:57Z,[],,143.8,170.0,0.0,0.0,0.0,0.0,,,,(GMT+01:00) Africa/Algiers
9973727058,Run,Sunday Morning Run,1500.0,526,526,0.0,2023-06-04 09:19:54+00:00,2023-06-04T02:19:54Z,[],,,,0.0,0.0,2.852,2.852,,,,(GMT-08:00) America/Los_Angeles
9973727061,Run,Amersham on the Hill - Little Chalfont,5001.2,1768,1774,28.8,2023-06-03 08:16:47+00:00,2023-06-03T09:16:47Z,"[51.6758831217885, -0.6076698750257492]",,169.5,179.0,164.2,136.7,2.829,4.172,,,,(GMT+00:00) Europe/London
9973736582,Walk,Amersham on the Hill,3089.4,2204,2294,16.8,2023-06-02 18:49:42+00:00,2023-06-02T19:49:42Z,"[51.676162239164114, -0.6075277179479599]",,103.9,120.0,165.6,152.8,1.402,2.246,,,,(GMT+00:00) Europe/London
9973727080,Run,Friday Morning Run,4500.0,1600,1600,0.0,2023-06-02 06:16:20+00:00,2023-06-01T23:16:20Z,[],,,,0.0,0.0,2.813,2.813,,,,(GMT-08:00) America/Los_Angeles
9973736614,WeightTraining,Traditional Strength Training,0.0,2947,2947,0.0,2023-06-01 06:28:49+00:00,2023-06-01T07:28:49Z,[],,125.7,159.0,0.0,0.0,0.0,0.0,,,,(GMT+01:00) Africa/Algiers
9973727146,Run,Thursday Morning Run,4006.3,1805,1805,0.0,2023-06-01 05:58:05+00:00,2023-05-31T22:58:05Z,[],,153.1,162.0,0.0,0.0,2.22,2.688,,,,(GMT-08:00) America/Los_Angeles
9973727164,Run,Amersham on the Hill - Little Chalfont,4514.4,1827,1836,21.5,2023-05-31 05:27:19+00:00,2023-05-31T06:27:19Z,"[51.67593777179718, -0.6076707970350981]",,157.0,167.0,156.9,136.7,2.471,3.974,,,,(GMT+00:00) Europe/London
9973736613,WeightTraining,Traditional Strength Training,0.0,2783,2783,0.0,2023-05-30 06:44:12+00:00,2023-05-30T07:44:12Z,[],,123.7,158.0,0.0,0.0,0.0,0.0,,,,(GMT+01:00) Africa/Algiers
9973727218,Run,Tuesday Morning Run,3386.7,1240,1243,0.0,2023-05-30 06:22:47+00:00,2023-05-29T23:22:47Z,[],,145.4,163.0,0.0,0.0,2.731,3.404,,,,(GMT-08:00) America/Los_Angeles
9973736811,Walk,Rickmansworth - Maple Cross,8040.6,6148,7261,14.7,2023-05-29 09:04:23+00:00,2023-05-29T10:04:23Z,"[51.636698143556714, -0.4759793635457754]",,97.8,116.0,58.2,43.4,1.308,3.182,,,,(GMT+00:00) Europe/London
9973727286,Run,Amersham on the Hill - Little Chalfont,10014.3,3716,3808,49.0,2023-05-28 06:58:47+00:00,2023-05-28T07:58:47Z,"[51.676010275259614, -0.6077862996608019]",,,,157.8,136.7,2.695,5.138,,,,(GMT+00:00) Europe/London
9973727280,Run,Saturday Morning Run,3100.0,1200,1200,0.0,2023-05-27 09:35:49+00:00,2023-05-27T02:35:49Z,[],,,,0.0,0.0,2.583,2.583,,,,(GMT-08:00) America/Los_Angeles
9973727274,Run,Thursday Morning Run,2750.0,1080,1080,0.0,2023-05-25 06:42:55+00:00,2023-05-24T23:42:55Z,[],,,,0.0,0.0,2.546,2.546,,,,(GMT-08:00) America/Los_Angeles
9973727385,Run,Amersham on the Hill,10008.1,3733,3742,50.1,2023-05-24 06:11:52+00:00,2023-05-24T07:11:52Z,"[51.67577901855111, -0.6076977029442787]",,,,153.0,145.6,2.681,4.397,,,,(GMT+00:00) Europe/London
9973727324,Run,Tuesday Morning Run,4000.0,1561,1561,0.0,2023-05-23 07:10:16+00:00,2023-05-23T00:10:16Z,[],,,,0.0,0.0,2.562,2.562,,,,(GMT-08:00) America/Los_Angeles
9973727369,Run,Sunday Morning Run,3000.0,1200,1200,0.0,2023-05-21 08:23:52+00:00,2023-05-21T01:23:52Z,[],,,,0.0,0.0,2.5,2.5,,,,(GMT-08:00) America/Los_Angeles
9973727404,Run,Thursday Morning Run,3576.7,1141,1141,0.0,2023-05-18 06:23:36+00:00,2023-05-17T23:23:36Z,[],,,,0.0,0.0,3.135,9.972,,,,(GMT-08:00) America/Los_Angeles
9973727420,Run,Amersham on the Hill - Little Chalfont,4517.9,1710,1717,21.7,2023-05-17 12:13:31+00:00,2023-05-17T13:13:31Z,"[51.67576912790537, -0.6077662669122219]",,,,152.9,137.2,2.642,3.812,,,,(GMT+00:00) Europe/London
9973727432,Run,Tuesday Morning Run,1000.0,360,360,0.0,2023-05-16 06:20:48+00:00,2023-05-15T23:20:48Z,[],,,,0.0,0.0,2.778,2.778,,,,(GMT-08:00) America/Los_Angeles
9973727480,Run,Amersham on the Hill - Chesham,6029.7,2542,2593,81.1,2023-05-11 16:08:28+00:00,2023-05-11T17:08:28Z,"[51.67587264440954, -0.607740031555295]",,,,166.4,95.5,2.372,5.142,,,,(GMT+00:00) Europe/London
9973727496,Run,Thursday Morning Run,2088.2,901,901,0.0,2023-05-11 06:27:27+00:00,2023-05-10T23:27:27Z,[],,,,0.0,0.0,2.318,3.164,,,,(GMT-08:00) America/Los_Angeles
9973727547,Run,11 Weeks to Go - Recovery Run,1819.7,902,902,0.0,2023-05-09 06:29:28+00:00,2023-05-08T23:29:28Z,[],,,,0.0,0.0,2.017,3.112,,,,(GMT-08:00) America/Los_Angeles
9973727539,Run,Runner Up,2600.0,853,853,0.0,2023-05-08 10:37:45+00:00,2023-05-08T03:37:45Z,[],,,,0.0,0.0,3.048,3.048,,,,(GMT-08:00) America/Los_Angeles
9973727587,Run,Amersham on the Hill - Little Chalfont,4822.4,1560,1946,24.2,2023-05-07 09:31:33+00:00,2023-05-07T10:31:33Z,"[51.67570475488901, -0.6077433843165636]",,,,152.9,137.2,3.091,4.718,,,,(GMT+00:00) Europe/London
9973727602,Run,Amersham on the Hill - Little Chalfont,4739.5,1675,1682,25.7,2023-05-04 14:04:48+00:00,2023-05-04T15:04:48Z,"[51.67579301632941, -0.6076704617589712]",,,,153.0,137.2,2.83,5.094,,,,(GMT+00:00) Europe/London
9973727667,Run,Amersham on the Hill - Chesham,8053.8,2999,3014,92.3,2023-04-08 08:24:40+00:00,2023-04-08T09:24:40Z,"[51.677893018350005, -0.6078090146183968]",,,,166.4,99.2,2.686,4.657,,,,(GMT+00:00) Europe/London
9973727650,Run,12 Weeks to Go - Recovery Run,2150.0,905,905,0.0,2023-03-30 06:28:14+00:00,2023-03-29T23:28:14Z,[],,,,0.0,0.0,2.376,3.266,,,,(GMT-08:00) America/Los_Angeles
9973727648,Run,Four Mile Run,6440.7,2522,2537,0.0,2023-03-09 11:53:51+00:00,2023-03-09T03:53:51Z,[],,,,0.0,0.0,2.554,3.08,,,,(GMT-08:00) America/Los_Angeles
9973727706,Run,Vaughans - Cotton Ground,3274.1,1411,1597,93.5,2023-03-06 11:18:14+00:00,2023-03-06T07:18:14Z,"[17.15832299552858, -62.62359665706754]",,,,95.2,15.5,2.32,5.184,,,,(GMT-04:00) America/St_Kitts
9973727702,Run,No Time? Go Time!,3000.0,954,954,0.0,2023-03-05 10:59:44+00:00,2023-03-05T02:59:44Z,[],,,,0.0,0.0,3.145,3.145,,,,(GMT-08:00) America/Los_Angeles
9973727780,Run,Amersham on the Hill,5558.4,2113,2122,68.0,2023-03-03 10:33:28+00:00,2023-03-03T10:33:28Z,"[51.67568748816848, -0.6075144745409489]",,,,153.0,89.1,2.631,4.184,,,,(GMT+00:00) Europe/London
9973727759,Run,13 Weeks to Go - Recovery Run,2088.4,960,1012,0.0,2023-03-02 07:58:31+00:00,2023-03-01T23:58:31Z,[],,,,0.0,0.0,2.175,2.84,,,,(GMT-08:00) America/Los_Angeles
9973727839,Run,5K Run,5010.0,1846,1846,0.0,2023-03-01 19:11:36+00:00,2023-03-01T11:11:36Z,[],,,,0.0,0.0,2.714,3.318,,,,(GMT-08:00) America/Los_Angeles
9973727869,Run,Amersham on the Hill,4388.9,1559,1621,13.4,2023-02-28 11:28:54+00:00,2023-02-28T11:28:54Z,"[51.673875572159886, -0.6014438811689615]",,,,150.9,148.1,2.815,5.762,,,,(GMT+00:00) Europe/London
9973727882,Run,One Hard. Two Easy.,754.5,295,312,0.0,2023-02-28 11:23:15+00:00,2023-02-28T03:23:15Z,[],,,,0.0,0.0,2.558,4.586,,,,(GMT-08:00) America/Los_Angeles
9973727884,Run,Tuesday Morning Run,2202.6,923,923,0.0,2023-02-28 07:44:18+00:00,2023-02-27T23:44:18Z,[],,,,0.0,0.0,2.386,3.256,,,,(GMT-08:00) America/Los_Angeles
9973728020,Run,Easy Run,3750.0,1701,1701,0.0,2023-02-26 10:29:28+00:00,2023-02-26T02:29:28Z,[],,,,0.0,0.0,2.205,2.205,,,,(GMT-08:00) America/Los_Angeles
9973727969,Run,Amersham on the Hill,2740.7,979,1734,21.7,2023-02-25 07:36:39+00:00,2023-02-25T07:36:39Z,"[51.67578186839819, -0.6074754986912012]",,,,155.6,145.6,2.799,6.34,,,,(GMT+00:00) Europe/London
9973727967,Run,14 Weeks To Go,2380.4,962,962,0.0,2023-02-24 07:42:05+00:00,2023-02-23T23:42:05Z,[],,,,0.0,0.0,2.474,3.894,,,,(GMT-08:00) America/Los_Angeles
9973728031,Run,Wednesday Afternoon Run,4620.0,1418,1418,0.0,2022-02-23 14:15:21+00:00,2022-02-23T06:15:21Z,[],,,,0.0,0.0,3.258,3.258,,,,(GMT-08:00) America/Los_Angeles
6726043493,Run,Paddington,4620.7,1420,2290,9.3,2022-02-23 12:04:16+00:00,2022-02-23T12:04:16Z,"[51.516752606257796, -0.18274744972586632]",,,,23.1,15.2,3.254,6.716,,,,(GMT+00:00) Europe/London
9973728002,Run,Friday Morning Run,4690.0,1618,1618,0.0,2022-02-18 08:15:36+00:00,2022-02-18T00:15:36Z,[],,,,0.0,0.0,2.899,2.899,,,,(GMT-08:00) America/Los_Angeles
9973728061,Run,Thursday Morning Run,4320.0,1447,1447,0.0,2022-02-10 08:15:27+00:00,2022-02-10T00:15:27Z,[],,,,0.0,0.0,2.985,2.985,,,,(GMT-08:00) America/Los_Angeles
6659665139,Run,Bayswater,4327.1,1451,1607,22.1,2022-02-10 06:55:29+00:00,2022-02-10T06:55:29Z,"[51.51697916910052, -0.18441779538989067]",,,,28.4,14.6,2.982,5.504,,,,(GMT+00:00) Europe/London
6648759870,Run,Bayswater,4695.8,1618,1945,9.3,2022-02-08 06:57:06+00:00,2022-02-08T06:57:06Z,"[51.51692024432123, -0.18481970764696598]",,,,23.9,15.2,2.902,7.35,,,,(GMT+00:00) Europe/London
6542276380,Run,Bayswater,3913.2,1284,1420,11.6,2022-01-18 10:49:52+00:00,2022-01-18T10:49:52Z,"[51.51705854572356, -0.18472650088369846]",,,,26.8,17.1,3.048,5.986,,,,(GMT+00:00) Europe/London
9973728072,Run,Tuesday Morning Run,3910.0,1282,1282,0.0,2022-01-18 08:00:13+00:00,2022-01-18T00:00:13Z,[],,,,0.0,0.0,3.05,3.05,,,,(GMT-08:00) America/Los_Angeles
9973728066,Run,Thursday Morning Run,4290.0,1544,1544,0.0,2022-01-13 10:00:27+00:00,2022-01-13T02:00:27Z,[],,,,0.0,0.0,2.778,2.779,,,,(GMT-08:00) America/Los_Angeles
6515508765,Run,Bayswater,4298.6,1547,1585,22.9,2022-01-13 06:52:50+00:00,2022-01-13T06:52:50Z,"[51.517133647575974, -0.18426415510475636]",,,,25.5,17.1,2.779,6.006,,,,(GMT+00:00) Europe/London
5338871333,Run,Bayswater,5027.0,1708,1939,21.6,2021-05-22 12:51:33+00:00,2021-05-22T13:51:33Z,"[51.511749, -0.185709]",,,,26.8,11.0,2.943,5.5,,,,(GMT+00:00) Europe/London
9973728138,Run,Saturday Morning Run,5020.0,1707,1707,0.0,2021-05-22 09:00:39+00:00,2021-05-22T02:00:39Z,[],,,,0.0,0.0,2.941,2.941,,,,(GMT-08:00) America/Los_Angeles
5290880630,Run,Smart Hyde Park Inn,6040.3,2024,2260,31.6,2021-05-13 15:58:16+00:00,2021-05-13T16:58:16Z,"[51.513075, -0.18662]",,,,27.0,11.0,2.984,8.5,,,,(GMT+00:00) Europe/London
9973728133,Run,Thursday Morning Run,6040.0,2023,2023,0.0,2021-05-13 09:00:00+00:00,2021-05-13T02:00:00Z,[],,,,0.0,0.0,2.986,2.986,,,,(GMT-08:00) America/Los_Angeles
5278360342,Run,Clarion Collection Shaftesbury Hyde Park Hotel,4027.9,1250,1503,29.0,2021-05-11 12:40:06+00:00,2021-05-11T13:40:06Z,"[51.513317, -0.186743]",,,,28.2,14.6,3.222,7.8,,,,(GMT+00:00) Europe/London
9973728147,Run,Tuesday Morning Run,4020.0,1246,1246,0.0,2021-05-11 09:00:24+00:00,2021-05-11T02:00:24Z,[],,,,0.0,0.0,3.226,3.226,,,,(GMT-08:00) America/Los_Angeles
5252852220,Ride,Nine Elms,5392.0,865,926,0.0,2021-05-06 18:19:33+00:00,2021-05-06T19:19:33Z,"[51.510066, -0.187894]",,,,28.2,4.6,6.234,10.8,,,,(GMT+00:00) Europe/London
5137426957,Run,Berjaya Eden Park Hotel,7180.4,2347,2530,46.5,2021-04-16 15:46:14+00:00,2021-04-16T16:46:14Z,"[51.513351, -0.186608]",,,,28.1,7.3,3.059,7.5,,,,(GMT+00:00) Europe/London
9973728205,Run,Friday Morning Run,7180.0,2348,2348,0.0,2021-04-16 07:00:29+00:00,2021-04-16T00:00:29Z,[],,,,0.0,0.0,3.058,3.058,,,,(GMT-08:00) America/Los_Angeles
5114772495,Ride,Pimlico,5884.9,980,1180,10.2,2021-04-12 16:33:22+00:00,2021-04-12T17:33:22Z,"[51.510364, -0.186932]",,,,27.1,5.2,6.005,9.1,,,,(GMT+00:00) Europe/London
5067470860,Run,Hyde Park Serviced Apartments,4377.5,1324,1453,25.4,2021-04-04 12:19:30+00:00,2021-04-04T13:19:30Z,"[51.50556, -0.173289]",,,,26.8,8.2,3.306,8.7,,,,(GMT+00:00) Europe/London
9973728188,Run,Sunday Morning Run,4370.0,1320,1320,0.0,2021-04-04 07:00:44+00:00,2021-04-04T00:00:44Z,[],,,,0.0,0.0,3.311,3.311,,,,(GMT-08:00) America/Los_Angeles
5037824400,Ride,Nine Elms,6454.4,1079,1184,10.5,2021-03-30 15:14:12+00:00,2021-03-30T16:14:12Z,"[51.510418, -0.187198]",,,,27.2,4.5,5.982,11.6,,,,(GMT+00:00) Europe/London
4960382746,Ride,Hilton London Hyde Park Hotel,6140.1,1179,1247,28.4,2021-03-17 08:02:14+00:00,2021-03-17T08:02:14Z,"[51.484869, -0.138275]",,,,28.2,4.5,5.208,9.2,,,,(GMT+00:00) Europe/London
9973728192,Run,Tuesday Morning Run,4820.0,1562,1562,0.0,2021-03-16 09:00:23+00:00,2021-03-16T02:00:23Z,[],,,,0.0,0.0,3.086,3.086,,,,(GMT-08:00) America/Los_Angeles
4954502553,Run,Pimlico,4821.6,1563,1590,23.2,2021-03-16 06:59:26+00:00,2021-03-16T06:59:26Z,"[51.485435, -0.138091]",,,,16.1,1.7,3.085,7.6,,,,(GMT+00:00) Europe/London
4952408818,Ride,Pimlico,5834.0,970,1048,10.2,2021-03-15 18:42:25+00:00,2021-03-15T18:42:25Z,"[51.510252, -0.187276]",,,,27.2,5.2,6.014,10.9,,,,(GMT+00:00) Europe/London
4932582789,Ride,Hilton London Hyde Park Hotel,6111.1,1144,1221,28.8,2021-03-12 07:31:10+00:00,2021-03-12T07:31:10Z,"[51.484841, -0.138316]",,,,28.2,4.4,5.342,9.1,,,,(GMT+00:00) Europe/London
4930500389,Ride,Pimlico,5782.5,951,1020,10.2,2021-03-11 18:58:33+00:00,2021-03-11T18:58:33Z,"[51.510355, -0.187135]",,,,27.2,5.2,6.08,11.0,,,,(GMT+00:00) Europe/London
4910846382,Ride,Queensway Underground Station,6220.8,1241,1318,28.7,2021-03-08 07:05:59+00:00,2021-03-08T07:05:59Z,"[51.484916, -0.138357]",,,,28.2,4.4,5.013,9.5,,,,(GMT+00:00) Europe/London
4901826633,Ride,Pimlico,5749.5,1004,1074,10.2,2021-03-06 17:39:51+00:00,2021-03-06T17:39:51Z,"[51.510251, -0.187091]",,,,27.2,5.2,5.727,9.3,,,,(GMT+00:00) Europe/London
4899757331,Run,Berjaya Eden Park Hotel,7524.5,2487,2862,44.4,2021-03-06 12:37:22+00:00,2021-03-06T12:37:22Z,"[51.513315, -0.186718]",,,,26.8,6.0,3.026,5.4,,,,(GMT+00:00) Europe/London
9973728252,Run,Saturday Morning Run,7520.0,2489,2489,0.0,2021-03-06 09:00:25+00:00,2021-03-06T01:00:25Z,[],,,,0.0,0.0,3.021,3.021,,,,(GMT-08:00) America/Los_Angeles
4870112626,Ride,Hilton London Hyde Park Hotel,6082.4,1165,1179,28.9,2021-03-01 08:05:39+00:00,2021-03-01T08:05:39Z,"[51.48486, -0.13812]",,,,28.2,4.4,5.221,8.1,,,,(GMT+00:00) Europe/London
4867848116,Ride,Pimlico,5790.4,1005,1103,10.2,2021-02-28 18:12:55+00:00,2021-02-28T18:12:55Z,"[51.510308, -0.187105]",,,,27.2,5.2,5.762,8.8,,,,(GMT+00:00) Europe/London
4858560099,Run,Clarion Collection Shaftesbury Hyde Park Hotel,6500.9,1906,2275,43.1,2021-02-27 12:36:13+00:00,2021-02-27T12:36:13Z,"[51.513438, -0.186667]",,,,28.8,11.0,3.411,9.4,,,,(GMT+00:00) Europe/London
9973728254,Run,Saturday Morning Run,6500.0,1905,1905,0.0,2021-02-27 09:00:13+00:00,2021-02-27T01:00:13Z,[],,,,0.0,0.0,3.412,3.412,,,,(GMT-08:00) America/Los_Angeles
4833892552,Ride,New Dawn,5764.6,1332,1549,23.7,2021-02-23 07:50:22+00:00,2021-02-23T07:50:22Z,"[51.485858, -0.149738]",,,,28.2,4.5,4.328,8.5,,,,(GMT+00:00) Europe/London
4831287359,Ride,Pimlico,5759.4,1018,1105,10.2,2021-02-22 17:50:41+00:00,2021-02-22T17:50:41Z,"[51.510257, -0.187237]",,,,27.3,5.2,5.658,9.0,,,,(GMT+00:00) Europe/London
4808065330,Ride,Pimlico,5824.3,994,1060,10.2,2021-02-18 17:29:10+00:00,2021-02-18T17:29:10Z,"[51.510303, -0.187235]",,,,27.2,5.2,5.859,8.7,,,,(GMT+00:00) Europe/London
4796913763,Run,Comfort Inn Hyde Park,6013.3,1930,1961,28.3,2021-02-16 15:47:47+00:00,2021-02-16T15:47:47Z,"[51.513526, -0.18685]",,,,28.8,14.1,3.116,8.0,,,,(GMT+00:00) Europe/London
9973728313,Run,Tuesday Morning Run,6010.0,1929,1929,0.0,2021-02-16 09:00:02+00:00,2021-02-16T01:00:02Z,[],,,,0.0,0.0,3.116,3.116,,,,(GMT-08:00) America/Los_Angeles
4770585421,Run,Berjaya Eden Park Hotel,5024.4,1611,1618,29.7,2021-02-11 14:32:15+00:00,2021-02-11T14:32:15Z,"[51.512551, -0.186463]",,,,28.8,14.1,3.119,5.0,,,,(GMT+00:00) Europe/London
9973728312,Run,Thursday Morning Run,5020.0,1611,1611,0.0,2021-02-11 09:00:15+00:00,2021-02-11T01:00:15Z,[],,,,0.0,0.0,3.116,3.116,,,,(GMT-08:00) America/Los_Angeles
4756356411,Ride,Pimlico,5783.6,1090,1108,10.2,2021-02-08 18:24:24+00:00,2021-02-08T18:24:24Z,"[51.510301, -0.187152]",,,,27.2,5.2,5.306,7.6,,,,(GMT+00:00) Europe/London
4756356520,Ride,Pimlico,5767.2,1100,1158,10.3,2021-02-05 17:24:25+00:00,2021-02-05T17:24:25Z,"[51.510357, -0.186944]",,,,27.1,5.2,5.243,8.4,,,,(GMT+00:00) Europe/London
4733683325,Run,london apartment,7525.2,2446,2470,36.6,2021-02-04 15:32:58+00:00,2021-02-04T15:32:58Z,"[51.513126, -0.1867]",,,,28.8,11.0,3.077,8.3,,,,(GMT+00:00) Europe/London
9973728321,Run,Thursday Morning Run,7520.0,2444,2444,0.0,2021-02-04 10:00:20+00:00,2021-02-04T02:00:20Z,[],,,,0.0,0.0,3.077,3.077,,,,(GMT-08:00) America/Los_Angeles
9973728380,Run,Tuesday Morning Run,4520.0,1365,1365,0.0,2021-02-02 09:00:45+00:00,2021-02-02T01:00:45Z,[],,,,0.0,0.0,3.311,3.311,,,,(GMT-08:00) America/Los_Angeles
4720442622,Run,Bayswater,4521.4,1366,1610,24.7,2021-02-02 07:42:42+00:00,2021-02-02T07:42:42Z,"[51.48622, -0.138814]",,,,26.0,2.9,3.31,8.1,,,,(GMT+00:00) Europe/London
4717926611,Ride,Pimlico,6246.6,1154,1267,10.2,2021-02-01 17:46:10+00:00,2021-02-01T17:46:10Z,"[51.509908, -0.187382]",,,,27.9,4.8,5.413,10.2,,,,(GMT+00:00) Europe/London
4693405278,Ride,Hilton London Hyde Park Hotel,6111.3,1227,1342,28.7,2021-01-28 07:50:38+00:00,2021-01-28T07:50:38Z,"[51.484788, -0.138173]",,,,28.2,4.4,4.981,9.1,,,,(GMT+00:00) Europe/London
4690771886,Ride,Nine Elms,6225.4,1105,1229,10.2,2021-01-27 17:32:23+00:00,2021-01-27T17:32:23Z,"[51.510381, -0.187061]",,,,27.2,4.8,5.634,9.5,,,,(GMT+00:00) Europe/London
4674220316,Run,Clarion Collection Shaftesbury Hyde Park Hotel,6116.0,2037,2042,30.9,2021-01-24 14:07:50+00:00,2021-01-24T14:07:50Z,"[51.512636, -0.186416]",,,,26.8,11.4,3.002,7.4,,,,(GMT+00:00) Europe/London
9973728384,Run,Sunday Morning Run,6110.0,2035,2035,0.0,2021-01-24 09:00:57+00:00,2021-01-24T01:00:57Z,[],,,,0.0,0.0,3.002,3.002,,,,(GMT-08:00) America/Los_Angeles
4658571831,Ride,Nine Elms,6279.9,1099,1157,10.2,2021-01-21 18:42:55+00:00,2021-01-21T18:42:55Z,"[51.510485, -0.18747]",,,,27.2,4.5,5.714,10.5,,,,(GMT+00:00) Europe/London
4645112736,Run,Bayswater,4552.8,1513,1630,22.4,2021-01-19 07:49:42+00:00,2021-01-19T07:49:42Z,"[51.4863, -0.138661]",,,,25.7,5.2,3.009,7.6,,,,(GMT+00:00) Europe/London
4642823422,Ride,Pimlico,6303.0,1207,1303,10.2,2021-01-18 18:40:15+00:00,2021-01-18T18:40:15Z,"[51.510292, -0.187145]",,,,27.2,4.5,5.222,9.1,,,,(GMT+00:00) Europe/London
4635635880,Run,Columbia,5025.8,1664,1680,20.6,2021-01-17 12:51:11+00:00,2021-01-17T12:51:11Z,"[51.510242, -0.185968]",,,,28.2,13.6,3.02,4.8,,,,(GMT+00:00) Europe/London
4635177751,Ride,Cycling,11000.0,2700,2700,0.0,2021-01-17 10:30:00+00:00,2021-01-17T02:30:00Z,[],,,,,,4.074,0.0,,,,(GMT-08:00) America/Los_Angeles
9973728382,Run,Sunday Morning Run,4550.0,1511,1511,0.0,2021-01-17 09:00:11+00:00,2021-01-17T01:00:11Z,[],,,,0.0,0.0,3.011,3.011,,,,(GMT-08:00) America/Los_Angeles
4625837977,Ride,Nine Elms,6407.2,1138,1224,11.9,2021-01-15 19:11:59+00:00,2021-01-15T19:11:59Z,"[51.510278, -0.187296]",,,,27.4,4.6,5.63,10.9,,,,(GMT+00:00) Europe/London
9973728449,Run,Thursday Evening Run,7510.0,2598,2598,0.0,2021-01-14 18:00:25+00:00,2021-01-14T10:00:25Z,[],,,,0.0,0.0,2.891,2.891,,,,(GMT-08:00) America/Los_Angeles
4620050735,Run,Afternoon Run,7517.9,2599,2627,37.2,2021-01-14 16:30:33+00:00,2021-01-14T16:30:33Z,"[51.513282, -0.186704]",,,,28.8,11.0,2.893,6.8,,,,(GMT+00:00) Europe/London
4607332129,Ride,Morning Ride,5078.8,1017,1101,15.1,2021-01-12 08:49:06+00:00,2021-01-12T08:49:06Z,"[51.485159, -0.137821]",,,,15.0,4.5,4.994,8.5,,,,(GMT+00:00) Europe/London
4605294445,Ride,Evening Ride,5994.1,1051,1088,10.3,2021-01-11 19:37:16+00:00,2021-01-11T19:37:16Z,"[51.510756, -0.181956]",,,,25.4,4.8,5.703,10.3,,,,(GMT+00:00) Europe/London
4598898726,Run,Afternoon Run,5003.8,1484,1495,23.2,2021-01-10 14:43:50+00:00,2021-01-10T14:43:50Z,"[51.512725, -0.185273]",,,,26.8,15.7,3.372,10.6,,,,(GMT+00:00) Europe/London
9973728461,Run,Sunday Morning Run,5000.0,1484,1484,0.0,2021-01-10 09:00:16+00:00,2021-01-10T01:00:16Z,[],,,,0.0,0.0,3.369,3.369,,,,(GMT-08:00) America/Los_Angeles
4580578560,Run,Morning Run,2003.6,571,573,7.8,2021-01-07 09:03:27+00:00,2021-01-07T09:03:27Z,"[51.485829, -0.138606]",,,,9.4,4.4,3.509,5.8,,,,(GMT+00:00) Europe/London
9973728455,Run,Thursday Morning Run,2000.0,570,570,0.0,2021-01-07 09:00:02+00:00,2021-01-07T01:00:02Z,[],,,,0.0,0.0,3.509,3.509,,,,(GMT-08:00) America/Los_Angeles
4577968847,Ride,Afternoon Ride,5823.3,1097,1154,10.2,2021-01-06 17:39:49+00:00,2021-01-06T17:39:49Z,"[51.510274, -0.187322]",,,,27.2,5.2,5.308,8.9,,,,(GMT+00:00) Europe/London
9973728500,Run,Tuesday Morning Run,3000.0,900,900,0.0,2021-01-05 09:00:52+00:00,2021-01-05T01:00:52Z,[],,,,0.0,0.0,3.333,3.333,,,,(GMT-08:00) America/Los_Angeles
4569503550,Run,Morning Run,3007.4,902,957,7.1,2021-01-05 08:05:21+00:00,2021-01-05T08:05:21Z,"[51.512144, -0.186141]",,,,28.1,22.9,3.334,5.9,,,,(GMT+00:00) Europe/London
4564490455,Ride,Morning Ride,5189.8,1014,1108,15.6,2021-01-04 08:49:59+00:00,2021-01-04T08:49:59Z,"[51.484959, -0.138347]",,,,15.9,4.5,5.118,8.4,,,,(GMT+00:00) Europe/London
4562281744,Ride,Evening Ride,5803.5,1033,1204,10.2,2021-01-03 18:03:52+00:00,2021-01-03T18:03:52Z,"[51.509876, -0.187046]",,,,27.6,5.2,5.618,9.0,,,,(GMT+00:00) Europe/London
4559796822,Run,Lunch Run,2873.7,932,1021,16.7,2021-01-03 12:16:49+00:00,2021-01-03T12:16:49Z,"[51.513708, -0.186839]",,,,27.3,16.6,3.083,5.9,,,,(GMT+00:00) Europe/London
9973728497,Run,Sunday Morning Run,2870.0,930,930,0.0,2021-01-03 10:00:56+00:00,2021-01-03T02:00:56Z,[],,,,0.0,0.0,3.086,3.086,,,,(GMT-08:00) America/Los_Angeles
4539294793,Ride,Afternoon Ride,5825.3,1029,1157,10.2,2020-12-30 14:14:47+00:00,2020-12-30T14:14:47Z,"[51.510198, -0.187391]",,,,27.3,5.2,5.661,10.0,,,,(GMT+00:00) Europe/London
4538173008,Ride,Morning Ride,6070.5,1316,1390,28.5,2020-12-30 10:40:29+00:00,2020-12-30T10:40:29Z,"[51.484957, -0.138843]",,,,28.2,4.4,4.613,7.6,,,,(GMT+00:00) Europe/London
4535605833,Ride,Evening Ride,6399.0,1180,1360,10.2,2020-12-29 18:03:25+00:00,2020-12-29T18:03:25Z,"[51.510055, -0.187151]",,,,28.0,4.8,5.423,8.7,,,,(GMT+00:00) Europe/London
4511871163,Ride,Lunch Ride,3745.5,742,828,0.0,2020-12-24 12:05:09+00:00,2020-12-24T12:05:09Z,"[51.501985, -0.173412]",,,,20.9,4.6,5.048,8.1,,,,(GMT+00:00) Europe/London
4511413045,Ride,Morning Ride,5726.9,1227,1317,28.4,2020-12-24 10:26:18+00:00,2020-12-24T10:26:18Z,"[51.485557, -0.142126]",,,,28.2,4.7,4.667,7.9,,,,(GMT+00:00) Europe/London
4504254398,Ride,Afternoon Ride,5525.8,1010,1167,10.2,2020-12-22 14:29:06+00:00,2020-12-22T14:29:06Z,"[51.511135, -0.179406]",,,,25.4,4.8,5.471,8.9,,,,(GMT+00:00) Europe/London
4488175187,Ride,Evening Ride,6321.8,1443,1443,10.2,2020-12-18 19:17:07+00:00,2020-12-18T19:17:07Z,"[51.510267, -0.187168]",,,,27.2,4.0,4.381,9.6,,,,(GMT+00:00) Europe/London
4361870864,Run,Evening Run,5903.7,1888,1931,18.1,2020-11-19 20:12:58+00:00,2020-11-19T20:12:58Z,"[51.513626, -0.18675]",,,,28.0,4.7,3.127,10.6,,,,(GMT+00:00) Europe/London
9973728549,Run,Thursday Morning Run,5900.0,1888,1888,0.0,2020-11-19 09:00:57+00:00,2020-11-19T01:00:57Z,[],,,,0.0,0.0,3.125,3.125,,,,(GMT-08:00) America/Los_Angeles
9973728561,Run,Wednesday Morning Run,4510.0,1533,1533,0.0,2020-11-11 09:45:22+00:00,2020-11-11T01:45:22Z,[],,,,0.0,0.0,2.942,2.942,,,,(GMT-08:00) America/Los_Angeles
4320912332,Run,Morning Run,4514.4,1536,1604,20.7,2020-11-11 07:35:54+00:00,2020-11-11T07:35:54Z,"[51.486223, -0.138576]",,,,25.7,4.7,2.939,6.0,,,,(GMT+00:00) Europe/London
4319396703,Run,Evening Run,5936.2,1866,1907,17.6,2020-11-10 20:25:03+00:00,2020-11-10T20:25:03Z,"[51.513653, -0.186769]",,,,28.0,4.5,3.181,6.1,,,,(GMT+00:00) Europe/London
9973728624,Run,Tuesday Morning Run,5930.0,1862,1862,0.0,2020-11-10 09:00:45+00:00,2020-11-10T01:00:45Z,[],,,,0.0,0.0,3.185,3.185,,,,(GMT-08:00) America/Los_Angeles
9973728628,Run,Thursday Morning Run,4010.0,1207,1207,0.0,2020-10-29 09:30:41+00:00,2020-10-29T02:30:41Z,[],,,,0.0,0.0,3.322,3.322,,,,(GMT-08:00) America/Los_Angeles
4257492292,Run,Morning Run,4013.6,1208,1419,18.3,2020-10-29 08:16:20+00:00,2020-10-29T08:16:20Z,"[51.485954, -0.138811]",,,,23.3,4.6,3.323,6.8,,,,(GMT+00:00) Europe/London
4251489392,Run,Evening Run,6004.4,1907,2036,17.7,2020-10-27 19:27:39+00:00,2020-10-27T19:27:39Z,"[51.513529, -0.186803]",,,,28.0,5.1,3.149,6.1,,,,(GMT+00:00) Europe/London
9973728622,Run,Sunday Morning Run,6000.0,1908,1908,0.0,2020-10-25 09:30:33+00:00,2020-10-25T02:30:33Z,[],,,,0.0,0.0,3.145,3.145,,,,(GMT-08:00) America/Los_Angeles
4240144998,Run,Morning Run,2519.6,699,699,7.2,2020-10-25 08:22:50+00:00,2020-10-25T08:22:50Z,"[51.51358, -0.186838]",,,,27.0,22.0,3.605,6.4,,,,(GMT+00:00) Europe/London
9973728652,Run,Saturday Morning Run,2520.0,698,698,0.0,2020-10-24 08:35:23+00:00,2020-10-24T01:35:23Z,[],,,,0.0,0.0,3.61,3.61,,,,(GMT-08:00) America/Los_Angeles
9973728666,Run,Sunday Morning Run,4220.0,1279,1279,0.0,2020-10-18 08:30:27+00:00,2020-10-18T01:30:27Z,[],,,,0.0,0.0,3.299,3.299,,,,(GMT-08:00) America/Los_Angeles
4209560326,Run,Morning Run,4226.3,1279,1427,28.3,2020-10-18 06:57:01+00:00,2020-10-18T07:57:01Z,"[51.513575, -0.186704]",,,,28.2,15.2,3.304,6.2,,,,(GMT+00:00) Europe/London
9973728731,Run,Tuesday Morning Run,4100.0,1251,1251,0.0,2020-10-13 08:30:31+00:00,2020-10-13T01:30:31Z,[],,,,0.0,0.0,3.277,3.277,,,,(GMT-08:00) America/Los_Angeles
4188408023,Run,Morning Run,4105.4,1251,1340,17.8,2020-10-13 07:31:15+00:00,2020-10-13T08:31:15Z,"[51.486286, -0.138418]",,,,23.5,5.1,3.282,6.6,,,,(GMT+00:00) Europe/London
4164706184,Run,Evening Run,5010.1,1560,1574,6.5,2020-10-07 18:34:54+00:00,2020-10-07T19:34:54Z,"[51.513804, -0.186567]",,,,27.0,5.1,3.212,7.7,,,,(GMT+00:00) Europe/London
9973728720,Run,Wednesday Morning Run,5010.0,1558,1558,0.0,2020-10-07 08:30:38+00:00,2020-10-07T01:30:38Z,[],,,,0.0,0.0,3.216,3.216,,,,(GMT-08:00) America/Los_Angeles
4101043601,Run,Lunch Run,3563.9,1872,2229,16.1,2020-09-23 10:52:15+00:00,2020-09-23T11:52:15Z,"[51.513592, -0.186745]",,,,28.1,15.3,1.904,6.5,,,,(GMT+00:00) Europe/London
9973728780,Run,Wednesday Morning Run,3560.0,1869,1869,0.0,2020-09-23 08:30:15+00:00,2020-09-23T01:30:15Z,[],,,,0.0,0.0,1.905,1.905,,,,(GMT-08:00) America/Los_Angeles
9973728784,Run,Monday Morning Run,3070.0,955,955,0.0,2020-09-21 08:00:11+00:00,2020-09-21T01:00:11Z,[],,,,0.0,0.0,3.215,3.215,,,,(GMT-08:00) America/Los_Angeles
4090890203,Run,Morning Run,3078.0,958,1007,16.6,2020-09-21 06:48:27+00:00,2020-09-21T07:48:27Z,"[51.513722, -0.186782]",,,,28.1,15.4,3.213,5.2,,,,(GMT+00:00) Europe/London
4068005742,Run,Afternoon Run,3674.6,1122,1166,20.4,2020-09-16 12:09:45+00:00,2020-09-16T13:09:45Z,"[51.513631, -0.186733]",,,,28.1,14.6,3.275,5.6,,,,(GMT+00:00) Europe/London
9973728800,Run,Wednesday Morning Run,3670.0,1119,1119,0.0,2020-09-16 08:30:35+00:00,2020-09-16T01:30:35Z,[],,,,0.0,0.0,3.28,3.28,,,,(GMT-08:00) America/Los_Angeles
9973728823,Run,Sunday Morning Run,3710.0,1143,1143,0.0,2020-09-13 08:00:29+00:00,2020-09-13T01:00:29Z,[],,,,0.0,0.0,3.246,3.246,,,,(GMT-08:00) America/Los_Angeles
4051757337,Run,Morning Run,3714.2,1145,1184,10.0,2020-09-13 06:47:18+00:00,2020-09-13T07:47:18Z,"[51.485693, -0.13833]",,,,10.2,3.8,3.244,6.6,,,,(GMT+00:00) Europe/London
9973728867,Run,Wednesday Morning Run,5060.0,1700,1700,0.0,2020-09-09 08:00:11+00:00,2020-09-09T01:00:11Z,[],,,,0.0,0.0,2.976,2.976,,,,(GMT-08:00) America/Los_Angeles
4033309008,Run,Morning Run,5064.7,1700,1801,21.5,2020-09-09 06:31:27+00:00,2020-09-09T07:31:27Z,"[51.486335, -0.138445]",,,,26.8,5.1,2.979,6.9,,,,(GMT+00:00) Europe/London
4020033086,Run,Lunch Run,2955.2,891,935,15.4,2020-09-06 11:21:10+00:00,2020-09-06T12:21:10Z,"[51.512155, -0.186389]",,,,28.1,15.4,3.317,6.3,,,,(GMT+00:00) Europe/London
9973728869,Run,Sunday Morning Run,2950.0,891,891,0.0,2020-09-06 08:00:58+00:00,2020-09-06T01:00:58Z,[],,,,0.0,0.0,3.311,3.311,,,,(GMT-08:00) America/Los_Angeles
9973728874,Run,Wednesday Morning Run,3620.0,1148,1148,0.0,2020-09-02 08:00:05+00:00,2020-09-02T01:00:05Z,[],,,,0.0,0.0,3.153,3.153,,,,(GMT-08:00) America/Los_Angeles
3999518918,Run,Morning Run,3621.3,1148,1160,16.2,2020-09-02 06:35:34+00:00,2020-09-02T07:35:34Z,"[51.513632, -0.186997]",,,,28.1,15.3,3.154,6.8,,,,(GMT+00:00) Europe/London
3980463505,Run,Morning Run,4200.0,1457,1457,0.0,2020-08-29 06:45:21+00:00,2020-08-28T23:45:21Z,[],,,,,,2.883,0.0,,,,(GMT-08:00) America/Los_Angeles
9973728932,Run,Friday Morning Run,4200.0,1457,1457,0.0,2020-08-28 08:00:22+00:00,2020-08-28T01:00:22Z,[],,,,0.0,0.0,2.883,2.883,,,,(GMT-08:00) America/Los_Angeles
